session_id,customer_id,product_id,timestamp
S00000,C0034,P0029,2025-04-13T18:26:00
S00001,C0015,P0039,2025-03-04T17:10:00
S00002,C0030,P0024,2025-01-17T10:13:00
S00003,C0052,P0037,2025-04-21T13:36:00
S00004,C0050,P0021,2025-05-20T22:15:00
S00005,C0011,P0004,2025-05-27T15:07:00
S00006,C0037,P0038,2025-04-29T10:35:00
S00007,C0006,P0028,2025-02-15T09:25:00
S00008,C0004,P0038,2025-01-28T21:52:00
S00009,C0038,P0024,2025-03-25T15:41:00
S00010,C0042,P0003,2025-01-24T06:52:00
S00011,C0008,P0037,2025-06-12T00:48:00
S00012,C0009,P0009,2025-04-26T17:18:00
S00013,C0024,P0039,2025-05-28T14:12:00
S00014,C0013,P0020,2025-03-18T18:50:00
S00015,C0058,P0019,2025-04-22T22:58:00
S00016,C0022,P0005,2025-05-30T00:39:00
S00017,C0032,P0025,2025-02-02T09:03:00
S00018,C0023,P0035,2025-01-14T00:45:00
S00019,C0035,P0022,2025-01-29T09:55:00
S00020,C0001,P0015,2025-04-21T22:37:00
S00021,C0025,P0020,2025-04-08T12:24:00
S00022,C0027,P0034,2025-02-24T21:11:00
S00023,C0030,P0008,2025-02-18T17:24:00
S00024,C0053,P0023,2025-04-17T04:18:00
S00025,C0055,P0008,2025-02-04T00:04:00
S00026,C0041,P0001,2025-02-06T23:56:00
S00027,C0031,P0027,2025-02-04T02:08:00
S00028,C0041,P0026,2025-04-27T22:38:00
S00029,C0059,P0027,2025-06-09T05:29:00
S00030,C0032,P0027,2025-05-22T14:24:00
S00031,C0022,P0014,2025-02-17T13:38:00
S00032,C0000,P0036,2025-05-08T23:15:00
S00033,C0045,P0032,2025-03-10T13:59:00
S00034,C0034,P0036,2025-04-04T01:02:00
S00035,C0036,P0030,2025-04-05T03:37:00
S00036,C0030,P0005,2025-02-06T23:46:00
S00037,C0033,P0017,2025-04-30T16:05:00
S00038,C0033,P0039,2025-01-23T07:30:00
S00039,C0040,P0004,2025-06-12T17:51:00
S00040,C0037,P0019,2025-06-06T01:57:00
S00041,C0021,P0034,2025-01-03T15:29:00
S00042,C0032,P0030,2025-05-27T23:21:00
S00043,C0026,P0022,2025-03-17T09:10:00
S00044,C0002,P0038,2025-03-19T23:50:00
S00045,C0036,P0016,2025-01-16T20:30:00
S00046,C0037,P0010,2025-05-27T01:42:00
S00047,C0018,P0039,2025-01-07T09:31:00
S00048,C0005,P0008,2025-05-10T02:54:00
S00049,C0050,P0017,2025-03-06T04:39:00
S00050,C0017,P0017,2025-03-07T00:47:00
S00051,C0007,P0038,2025-02-14T18:47:00
S00052,C0009,P0028,2025-04-05T05:16:00
S00053,C0050,P0015,2025-05-05T05:51:00
S00054,C0033,P0002,2025-03-29T02:09:00
S00055,C0038,P0009,2025-05-07T13:49:00
S00056,C0024,P0015,2025-06-19T14:46:00
S00057,C0040,P0010,2025-02-23T18:46:00
S00058,C0053,P0022,2025-01-14T20:16:00
S00059,C0048,P0007,2025-01-14T05:29:00
S00060,C0025,P0030,2025-03-19T15:47:00
S00061,C0048,P0034,2025-03-01T12:43:00
S00062,C0045,P0024,2025-05-02T08:09:00
S00063,C0033,P0027,2025-01-04T09:59:00
S00064,C0051,P0028,2025-04-08T21:20:00
S00065,C0033,P0002,2025-01-25T17:40:00
S00066,C0022,P0027,2025-06-06T20:54:00
S00067,C0017,P0021,2025-03-11T08:51:00
S00068,C0006,P0016,2025-06-17T18:25:00
S00069,C0029,P0015,2025-05-31T06:33:00
S00070,C0021,P0011,2025-03-22T17:00:00
S00071,C0043,P0000,2025-01-18T00:26:00
S00072,C0006,P0033,2025-01-27T21:28:00
S00073,C0022,P0014,2025-03-14T08:12:00
S00074,C0002,P0001,2025-06-08T02:03:00
S00075,C0038,P0013,2025-06-03T20:07:00
S00076,C0045,P0007,2025-01-23T19:08:00
S00077,C0024,P0036,2025-02-17T03:44:00
S00078,C0011,P0016,2025-03-17T14:42:00
S00079,C0059,P0004,2025-06-13T14:59:00
S00080,C0017,P0027,2025-06-20T10:16:00
S00081,C0010,P0004,2025-03-12T01:24:00
S00082,C0024,P0021,2025-01-16T08:52:00
S00083,C0016,P0011,2025-04-23T02:31:00
S00084,C0059,P0012,2025-06-06T12:11:00
S00085,C0041,P0031,2025-01-28T04:34:00
S00086,C0049,P0027,2025-02-25T19:41:00
S00087,C0006,P0028,2025-03-08T03:02:00
S00088,C0004,P0004,2025-05-27T23:16:00
S00089,C0049,P0028,2025-01-05T15:09:00
S00090,C0041,P0000,2025-01-10T21:24:00
S00091,C0017,P0009,2025-03-26T12:36:00
S00092,C0000,P0032,2025-05-06T15:27:00
S00093,C0025,P0004,2025-05-19T07:00:00
S00094,C0024,P0030,2025-02-01T18:34:00
S00095,C0059,P0022,2025-03-27T21:19:00
S00096,C0025,P0003,2025-06-11T20:05:00
S00097,C0023,P0034,2025-03-29T02:53:00
S00098,C0029,P0018,2025-06-15T06:11:00
S00099,C0035,P0002,2025-04-09T21:12:00
S00100,C0019,P0024,2025-01-28T20:44:00
S00101,C0022,P0031,2025-01-22T20:28:00
S00102,C0047,P0012,2025-02-05T01:12:00
S00103,C0001,P0037,2025-03-03T15:24:00
S00104,C0004,P0034,2025-06-14T09:31:00
S00105,C0034,P0028,2025-01-05T01:21:00
S00106,C0003,P0021,2025-01-11T12:07:00
S00107,C0013,P0033,2025-04-28T21:55:00
S00108,C0055,P0034,2025-02-08T23:37:00
S00109,C0014,P0004,2025-01-10T23:09:00
S00110,C0031,P0001,2025-05-01T19:02:00
S00111,C0015,P0008,2025-01-04T05:40:00
S00112,C0003,P0019,2025-01-25T14:39:00
S00113,C0010,P0037,2025-01-17T03:07:00
S00114,C0031,P0038,2025-06-07T07:04:00
S00115,C0051,P0012,2025-04-20T10:51:00
S00116,C0053,P0025,2025-03-25T03:43:00
S00117,C0036,P0034,2025-02-05T10:53:00
S00118,C0050,P0013,2025-01-12T18:11:00
S00119,C0021,P0004,2025-01-31T08:09:00
S00120,C0048,P0026,2025-02-13T22:23:00
S00121,C0035,P0010,2025-04-23T07:59:00
S00122,C0037,P0002,2025-02-04T03:50:00
S00123,C0054,P0039,2025-04-07T05:01:00
S00124,C0056,P0031,2025-01-21T00:00:00
S00125,C0011,P0005,2025-06-16T18:56:00
S00126,C0018,P0026,2025-05-02T22:08:00
S00127,C0013,P0009,2025-06-13T08:33:00
S00128,C0028,P0026,2025-03-03T05:39:00
S00129,C0044,P0002,2025-06-02T05:45:00
S00130,C0031,P0039,2025-01-23T20:52:00
S00131,C0050,P0019,2025-03-31T13:00:00
S00132,C0035,P0015,2025-02-19T03:33:00
S00133,C0006,P0039,2025-04-03T17:32:00
S00134,C0014,P0029,2025-06-10T21:13:00
S00135,C0017,P0003,2025-02-19T03:50:00
S00136,C0009,P0030,2025-05-08T05:10:00
S00137,C0042,P0002,2025-01-14T20:23:00
S00138,C0018,P0013,2025-04-22T08:21:00
S00139,C0039,P0029,2025-01-12T03:47:00
S00140,C0003,P0034,2025-02-15T05:50:00
S00141,C0001,P0031,2025-05-12T03:04:00
S00142,C0057,P0015,2025-04-24T18:37:00
S00143,C0020,P0026,2025-02-20T23:43:00
S00144,C0057,P0020,2025-02-28T03:20:00
S00145,C0014,P0006,2025-03-02T23:26:00
S00146,C0055,P0012,2025-04-07T07:04:00
S00147,C0030,P0037,2025-05-05T01:56:00
S00148,C0027,P0009,2025-02-25T19:29:00
S00149,C0011,P0024,2025-04-06T04:29:00
S00150,C0046,P0012,2025-06-11T11:17:00
S00151,C0012,P0021,2025-02-02T01:44:00
S00152,C0036,P0003,2025-03-13T04:07:00
S00153,C0054,P0029,2025-04-28T13:10:00
S00154,C0048,P0021,2025-02-26T09:38:00
S00155,C0010,P0039,2025-02-13T18:35:00
S00156,C0054,P0014,2025-01-23T13:54:00
S00157,C0033,P0031,2025-02-25T18:30:00
S00158,C0053,P0029,2025-03-13T00:46:00
S00159,C0027,P0015,2025-03-05T10:27:00
S00160,C0037,P0014,2025-06-01T04:58:00
S00161,C0036,P0000,2025-04-17T01:02:00
S00162,C0030,P0032,2025-01-09T13:33:00
S00163,C0025,P0030,2025-01-26T14:31:00
S00164,C0015,P0005,2025-05-23T00:44:00
S00165,C0046,P0026,2025-02-25T04:22:00
S00166,C0018,P0015,2025-06-15T02:01:00
S00167,C0030,P0019,2025-02-11T22:29:00
S00168,C0054,P0036,2025-05-30T00:29:00
S00169,C0029,P0008,2025-04-14T05:50:00
S00170,C0055,P0023,2025-06-10T14:45:00
S00171,C0040,P0000,2025-06-10T02:24:00
S00172,C0057,P0021,2025-05-16T01:18:00
S00173,C0027,P0017,2025-06-06T17:36:00
S00174,C0050,P0013,2025-01-21T19:56:00
S00175,C0021,P0003,2025-05-12T21:23:00
S00176,C0056,P0003,2025-01-29T12:23:00
S00177,C0029,P0039,2025-01-11T11:23:00
S00178,C0011,P0035,2025-01-18T17:45:00
S00179,C0049,P0013,2025-02-05T10:15:00
S00180,C0034,P0007,2025-06-16T15:47:00
S00181,C0048,P0037,2025-02-23T23:48:00
S00182,C0014,P0020,2025-04-01T08:32:00
S00183,C0043,P0027,2025-03-12T01:04:00
S00184,C0023,P0022,2025-04-26T15:32:00
S00185,C0033,P0007,2025-05-01T22:34:00
S00186,C0043,P0034,2025-03-16T14:39:00
S00187,C0023,P0004,2025-02-18T14:05:00
S00188,C0005,P0025,2025-02-15T09:04:00
S00189,C0006,P0010,2025-03-12T03:44:00
S00190,C0009,P0031,2025-02-08T06:33:00
S00191,C0040,P0001,2025-03-17T13:43:00
S00192,C0034,P0008,2025-05-02T11:26:00
S00193,C0028,P0001,2025-03-16T06:04:00
S00194,C0001,P0014,2025-05-14T20:21:00
S00195,C0026,P0037,2025-03-29T20:41:00
S00196,C0050,P0020,2025-05-05T18:42:00
S00197,C0044,P0033,2025-05-21T14:29:00
S00198,C0019,P0036,2025-02-03T09:10:00
S00199,C0050,P0016,2025-02-28T15:23:00
S00200,C0018,P0003,2025-02-07T11:18:00
S00201,C0029,P0010,2025-06-08T05:45:00
S00202,C0034,P0018,2025-02-16T05:53:00
S00203,C0045,P0009,2025-02-11T07:07:00
S00204,C0002,P0020,2025-05-28T04:28:00
S00205,C0016,P0023,2025-02-17T06:35:00
S00206,C0045,P0002,2025-06-20T10:22:00
S00207,C0009,P0023,2025-04-25T17:10:00
S00208,C0034,P0019,2025-02-01T00:25:00
S00209,C0059,P0031,2025-02-07T14:59:00
S00210,C0020,P0009,2025-01-02T23:34:00
S00211,C0032,P0021,2025-06-15T22:18:00
S00212,C0030,P0018,2025-05-27T21:09:00
S00213,C0051,P0036,2025-04-24T10:44:00
S00214,C0007,P0030,2025-01-11T04:43:00
S00215,C0035,P0007,2025-03-20T00:25:00
S00216,C0039,P0014,2025-04-25T11:05:00
S00217,C0020,P0003,2025-06-05T20:12:00
S00218,C0037,P0033,2025-02-26T08:12:00
S00219,C0001,P0005,2025-05-18T14:43:00
S00220,C0042,P0005,2025-05-12T12:12:00
S00221,C0031,P0020,2025-06-04T19:32:00
S00222,C0003,P0023,2025-04-12T04:45:00
S00223,C0054,P0027,2025-04-05T12:23:00
S00224,C0000,P0018,2025-03-30T11:19:00
S00225,C0028,P0035,2025-01-23T06:46:00
S00226,C0056,P0028,2025-04-17T14:18:00
S00227,C0010,P0027,2025-04-17T04:53:00
S00228,C0037,P0038,2025-01-23T04:13:00
S00229,C0019,P0030,2025-05-15T10:04:00
S00230,C0059,P0037,2025-04-07T02:00:00
S00231,C0026,P0017,2025-04-17T05:35:00
S00232,C0029,P0036,2025-02-05T06:11:00
S00233,C0053,P0024,2025-03-16T17:31:00
S00234,C0002,P0019,2025-05-30T09:31:00
S00235,C0035,P0029,2025-02-27T00:50:00
S00236,C0000,P0009,2025-03-09T09:40:00
S00237,C0053,P0030,2025-02-01T20:42:00
S00238,C0057,P0018,2025-04-17T05:31:00
S00239,C0058,P0015,2025-01-08T03:48:00
S00240,C0017,P0031,2025-01-18T19:47:00
S00241,C0023,P0037,2025-05-04T18:27:00
S00242,C0055,P0016,2025-06-10T21:30:00
S00243,C0044,P0007,2025-04-06T16:46:00
S00244,C0036,P0001,2025-03-08T05:37:00
S00245,C0003,P0009,2025-03-23T14:56:00
S00246,C0044,P0008,2025-04-02T05:03:00
S00247,C0017,P0023,2025-04-18T20:58:00
S00248,C0022,P0003,2025-03-16T09:33:00
S00249,C0040,P0004,2025-05-12T06:49:00
S00250,C0040,P0011,2025-01-25T19:48:00
S00251,C0010,P0034,2025-03-24T10:52:00
S00252,C0054,P0019,2025-03-11T21:44:00
S00253,C0044,P0023,2025-01-25T17:37:00
S00254,C0022,P0009,2025-01-04T04:33:00
S00255,C0018,P0023,2025-05-05T13:21:00
S00256,C0058,P0010,2025-01-27T06:09:00
S00257,C0032,P0014,2025-02-18T17:39:00
S00258,C0044,P0033,2025-05-17T22:35:00
S00259,C0044,P0007,2025-04-17T14:58:00
S00260,C0004,P0007,2025-02-03T00:30:00
S00261,C0022,P0019,2025-04-03T04:52:00
S00262,C0028,P0038,2025-05-14T10:11:00
S00263,C0045,P0019,2025-01-08T23:52:00
S00264,C0007,P0014,2025-02-02T22:09:00
S00265,C0044,P0014,2025-03-20T04:13:00
S00266,C0008,P0005,2025-04-19T22:48:00
S00267,C0050,P0007,2025-01-20T00:49:00
S00268,C0030,P0027,2025-01-11T06:06:00
S00269,C0002,P0032,2025-06-01T01:30:00
S00270,C0007,P0016,2025-01-12T02:19:00
S00271,C0042,P0000,2025-01-25T03:58:00
S00272,C0038,P0013,2025-05-31T06:11:00
S00273,C0042,P0022,2025-01-08T02:09:00
S00274,C0054,P0017,2025-05-29T11:22:00
S00275,C0010,P0032,2025-06-06T07:32:00
S00276,C0036,P0004,2025-01-26T18:48:00
S00277,C0000,P0033,2025-02-25T22:12:00
S00278,C0018,P0010,2025-05-18T00:46:00
S00279,C0006,P0013,2025-05-10T22:30:00
S00280,C0023,P0037,2025-02-17T14:43:00
S00281,C0006,P0011,2025-04-01T12:27:00
S00282,C0013,P0032,2025-02-28T13:07:00
S00283,C0048,P0020,2025-02-01T14:07:00
S00284,C0033,P0008,2025-05-07T11:45:00
S00285,C0018,P0035,2025-01-11T02:20:00
S00286,C0031,P0007,2025-04-09T09:29:00
S00287,C0038,P0019,2025-04-24T07:35:00
S00288,C0026,P0018,2025-04-20T06:54:00
S00289,C0004,P0030,2025-04-05T05:00:00
S00290,C0043,P0031,2025-01-27T12:28:00
S00291,C0033,P0005,2025-01-31T04:25:00
S00292,C0025,P0037,2025-01-27T23:59:00
S00293,C0057,P0010,2025-01-17T11:12:00
S00294,C0021,P0012,2025-06-02T12:07:00
S00295,C0014,P0027,2025-05-08T08:48:00
S00296,C0045,P0037,2025-06-01T08:48:00
S00297,C0050,P0025,2025-04-02T15:42:00
S00298,C0038,P0025,2025-05-05T16:17:00
S00299,C0009,P0029,2025-01-28T03:16:00
S00300,C0031,P0031,2025-03-01T20:08:00
S00301,C0001,P0006,2025-01-14T02:31:00
S00302,C0043,P0001,2025-02-15T12:38:00
S00303,C0043,P0020,2025-02-09T09:39:00
S00304,C0039,P0006,2025-01-20T21:48:00
S00305,C0033,P0031,2025-04-30T06:18:00
S00306,C0042,P0031,2025-05-06T16:16:00
S00307,C0034,P0021,2025-05-19T17:01:00
S00308,C0048,P0002,2025-04-21T03:24:00
S00309,C0028,P0020,2025-04-07T14:29:00
S00310,C0002,P0002,2025-02-15T17:42:00
S00311,C0055,P0019,2025-02-12T15:27:00
S00312,C0008,P0019,2025-04-10T15:48:00
S00313,C0007,P0036,2025-05-06T21:35:00
S00314,C0043,P0034,2025-05-27T15:30:00
S00315,C0035,P0010,2025-05-10T01:25:00
S00316,C0016,P0031,2025-06-01T12:39:00
S00317,C0043,P0022,2025-03-14T10:03:00
S00318,C0001,P0037,2025-01-12T04:53:00
S00319,C0023,P0022,2025-05-30T00:48:00
S00320,C0057,P0021,2025-04-08T03:27:00
S00321,C0022,P0022,2025-04-16T11:03:00
S00322,C0042,P0015,2025-03-05T07:41:00
S00323,C0019,P0037,2025-01-22T22:04:00
S00324,C0055,P0019,2025-01-30T10:10:00
S00325,C0001,P0034,2025-03-25T01:29:00
S00326,C0042,P0027,2025-05-26T16:57:00
S00327,C0026,P0017,2025-01-06T22:30:00
S00328,C0037,P0001,2025-03-23T12:36:00
S00329,C0024,P0020,2025-05-27T03:51:00
S00330,C0031,P0006,2025-02-22T10:31:00
S00331,C0032,P0021,2025-02-12T19:19:00
S00332,C0023,P0027,2025-02-21T15:40:00
S00333,C0054,P0004,2025-05-18T06:18:00
S00334,C0016,P0003,2025-03-18T18:25:00
S00335,C0051,P0014,2025-06-09T23:05:00
S00336,C0045,P0037,2025-01-25T18:21:00
S00337,C0017,P0004,2025-05-26T16:30:00
S00338,C0027,P0013,2025-03-30T02:41:00
S00339,C0052,P0019,2025-05-10T09:27:00
S00340,C0042,P0034,2025-03-22T06:26:00
S00341,C0025,P0016,2025-06-09T16:29:00
S00342,C0042,P0035,2025-02-16T00:40:00
S00343,C0045,P0033,2025-02-17T18:31:00
S00344,C0013,P0029,2025-03-10T20:34:00
S00345,C0051,P0039,2025-04-22T18:46:00
S00346,C0040,P0003,2025-05-14T06:23:00
S00347,C0029,P0009,2025-03-03T04:47:00
S00348,C0043,P0019,2025-04-22T13:20:00
S00349,C0055,P0004,2025-06-12T06:54:00
S00350,C0026,P0017,2025-03-15T20:10:00
S00351,C0016,P0038,2025-03-02T12:15:00
S00352,C0007,P0009,2025-02-19T00:15:00
S00353,C0051,P0019,2025-04-29T15:35:00
S00354,C0027,P0027,2025-06-15T01:12:00
S00355,C0010,P0017,2025-02-04T00:16:00
S00356,C0050,P0017,2025-06-18T17:11:00
S00357,C0041,P0002,2025-05-05T00:03:00
S00358,C0055,P0005,2025-03-22T19:19:00
S00359,C0055,P0004,2025-04-15T11:42:00
S00360,C0042,P0005,2025-04-12T23:53:00
S00361,C0008,P0015,2025-01-29T18:47:00
S00362,C0032,P0007,2025-05-14T21:53:00
S00363,C0037,P0033,2025-03-06T15:56:00
S00364,C0005,P0015,2025-06-03T03:49:00
S00365,C0051,P0020,2025-03-26T18:47:00
S00366,C0024,P0015,2025-04-19T06:09:00
S00367,C0006,P0011,2025-02-24T08:28:00
S00368,C0026,P0016,2025-05-31T01:31:00
S00369,C0034,P0023,2025-01-29T10:34:00
S00370,C0027,P0030,2025-03-05T08:56:00
S00371,C0050,P0009,2025-04-03T15:45:00
S00372,C0023,P0019,2025-01-06T20:57:00
S00373,C0038,P0002,2025-06-19T01:44:00
S00374,C0058,P0015,2025-03-06T17:24:00
S00375,C0019,P0023,2025-02-01T17:55:00
S00376,C0015,P0028,2025-04-10T00:58:00
S00377,C0025,P0016,2025-03-19T02:59:00
S00378,C0052,P0015,2025-03-18T06:55:00
S00379,C0056,P0010,2025-04-23T20:20:00
S00380,C0056,P0026,2025-01-09T08:55:00
S00381,C0005,P0031,2025-05-01T23:26:00
S00382,C0059,P0021,2025-04-19T03:52:00
S00383,C0010,P0016,2025-05-10T02:22:00
S00384,C0026,P0038,2025-05-21T23:20:00
S00385,C0029,P0001,2025-01-14T20:41:00
S00386,C0011,P0028,2025-06-14T04:00:00
S00387,C0025,P0012,2025-06-10T09:20:00
S00388,C0036,P0005,2025-01-29T05:15:00
S00389,C0033,P0008,2025-06-02T21:26:00
S00390,C0050,P0020,2025-04-26T15:55:00
S00391,C0047,P0008,2025-03-08T05:43:00
S00392,C0037,P0020,2025-03-14T06:05:00
S00393,C0026,P0023,2025-02-16T12:56:00
S00394,C0024,P0036,2025-02-27T00:01:00
S00395,C0059,P0035,2025-06-15T19:40:00
S00396,C0014,P0005,2025-04-29T06:16:00
S00397,C0044,P0010,2025-01-13T12:39:00
S00398,C0027,P0038,2025-03-08T04:05:00
S00399,C0023,P0010,2025-05-26T03:00:00
S00400,C0045,P0033,2025-04-22T14:52:00
S00401,C0043,P0031,2025-01-31T07:45:00
S00402,C0013,P0012,2025-03-10T09:47:00
S00403,C0031,P0024,2025-02-03T13:54:00
S00404,C0013,P0038,2025-02-25T09:46:00
S00405,C0043,P0012,2025-04-18T05:26:00
S00406,C0050,P0009,2025-01-08T09:16:00
S00407,C0015,P0039,2025-04-26T07:23:00
S00408,C0037,P0029,2025-01-22T00:30:00
S00409,C0008,P0020,2025-04-12T21:13:00
S00410,C0045,P0024,2025-04-19T23:38:00
S00411,C0016,P0004,2025-01-25T17:03:00
S00412,C0003,P0021,2025-03-02T15:58:00
S00413,C0022,P0038,2025-06-03T22:47:00
S00414,C0051,P0002,2025-01-02T08:32:00
S00415,C0039,P0024,2025-03-19T12:42:00
S00416,C0023,P0008,2025-05-24T01:37:00
S00417,C0011,P0016,2025-02-13T16:31:00
S00418,C0059,P0021,2025-04-30T04:05:00
S00419,C0020,P0033,2025-04-21T04:16:00
S00420,C0007,P0020,2025-01-12T04:31:00
S00421,C0055,P0017,2025-04-03T13:18:00
S00422,C0057,P0016,2025-06-06T08:33:00
S00423,C0020,P0027,2025-02-12T10:47:00
S00424,C0031,P0009,2025-05-23T21:40:00
S00425,C0051,P0028,2025-01-14T06:09:00
S00426,C0003,P0014,2025-02-16T01:30:00
S00427,C0016,P0010,2025-04-30T13:07:00
S00428,C0057,P0031,2025-01-11T14:22:00
S00429,C0045,P0035,2025-05-05T14:31:00
S00430,C0007,P0009,2025-02-01T11:05:00
S00431,C0013,P0018,2025-02-16T05:47:00
S00432,C0032,P0017,2025-05-25T21:37:00
S00433,C0013,P0037,2025-01-02T16:49:00
S00434,C0036,P0011,2025-04-17T02:15:00
S00435,C0049,P0031,2025-01-25T10:01:00
S00436,C0018,P0007,2025-04-11T11:37:00
S00437,C0059,P0006,2025-03-24T04:01:00
S00438,C0005,P0029,2025-06-18T15:29:00
S00439,C0040,P0017,2025-06-02T21:00:00
S00440,C0021,P0002,2025-06-17T19:28:00
S00441,C0020,P0036,2025-02-03T06:55:00
S00442,C0003,P0018,2025-03-24T01:47:00
S00443,C0004,P0035,2025-06-04T12:05:00
S00444,C0025,P0016,2025-02-15T07:49:00
S00445,C0055,P0025,2025-01-23T00:54:00
S00446,C0013,P0010,2025-04-10T12:18:00
S00447,C0041,P0009,2025-01-31T09:31:00
S00448,C0051,P0027,2025-03-21T21:38:00
S00449,C0008,P0022,2025-06-20T03:53:00
S00450,C0023,P0032,2025-02-21T15:28:00
S00451,C0056,P0024,2025-05-02T08:36:00
S00452,C0038,P0027,2025-01-24T13:51:00
S00453,C0023,P0039,2025-02-17T13:40:00
S00454,C0027,P0005,2025-01-11T16:21:00
S00455,C0029,P0014,2025-06-15T21:45:00
S00456,C0009,P0031,2025-05-15T20:41:00
S00457,C0033,P0005,2025-03-16T14:27:00
S00458,C0005,P0030,2025-03-18T04:08:00
S00459,C0043,P0019,2025-03-05T16:27:00
S00460,C0018,P0036,2025-01-13T17:04:00
S00461,C0058,P0002,2025-05-12T03:32:00
S00462,C0027,P0026,2025-01-25T14:42:00
S00463,C0046,P0036,2025-03-06T11:16:00
S00464,C0037,P0005,2025-05-09T00:07:00
S00465,C0047,P0029,2025-02-15T05:53:00
S00466,C0025,P0002,2025-01-22T13:56:00
S00467,C0045,P0019,2025-03-22T18:46:00
S00468,C0029,P0028,2025-06-09T08:21:00
S00469,C0058,P0011,2025-02-24T05:05:00
S00470,C0047,P0038,2025-03-08T21:06:00
S00471,C0027,P0034,2025-01-05T00:25:00
S00472,C0007,P0000,2025-02-13T20:30:00
S00473,C0029,P0025,2025-06-18T23:38:00
S00474,C0046,P0031,2025-03-19T19:52:00
S00475,C0039,P0023,2025-04-12T09:05:00
S00476,C0008,P0008,2025-01-04T06:07:00
S00477,C0052,P0001,2025-02-18T00:13:00
S00478,C0030,P0009,2025-06-16T07:27:00
S00479,C0053,P0034,2025-02-18T02:19:00
S00480,C0049,P0029,2025-02-07T15:27:00
S00481,C0001,P0007,2025-02-12T04:47:00
S00482,C0044,P0028,2025-05-05T15:01:00
S00483,C0055,P0028,2025-05-30T07:12:00
S00484,C0018,P0036,2025-04-11T01:21:00
S00485,C0000,P0006,2025-06-11T22:27:00
S00486,C0026,P0031,2025-05-29T19:46:00
S00487,C0035,P0018,2025-01-10T15:25:00
S00488,C0031,P0032,2025-06-01T23:39:00
S00489,C0059,P0031,2025-03-01T22:03:00
S00490,C0033,P0001,2025-04-19T18:20:00
S00491,C0035,P0004,2025-03-10T20:26:00
S00492,C0056,P0030,2025-01-30T15:39:00
S00493,C0041,P0022,2025-04-25T22:27:00
S00494,C0001,P0010,2025-03-15T23:12:00
S00495,C0030,P0022,2025-04-23T07:32:00
S00496,C0014,P0037,2025-03-28T19:54:00
S00497,C0053,P0029,2025-02-03T09:46:00
S00498,C0045,P0024,2025-04-17T21:41:00
S00499,C0047,P0023,2025-05-01T05:39:00
S00500,C0013,P0018,2025-01-23T21:30:00
S00501,C0008,P0011,2025-02-21T05:38:00
S00502,C0031,P0006,2025-04-17T15:19:00
S00503,C0015,P0013,2025-05-23T01:01:00
S00504,C0022,P0016,2025-04-02T21:10:00
S00505,C0011,P0032,2025-01-09T02:21:00
S00506,C0027,P0007,2025-06-08T07:07:00
S00507,C0035,P0014,2025-05-05T08:21:00
S00508,C0050,P0022,2025-01-12T17:17:00
S00509,C0057,P0009,2025-05-12T19:42:00
S00510,C0006,P0003,2025-04-23T14:53:00
S00511,C0048,P0007,2025-01-28T19:39:00
S00512,C0050,P0006,2025-05-24T01:32:00
S00513,C0006,P0010,2025-06-11T03:55:00
S00514,C0013,P0023,2025-02-10T23:18:00
S00515,C0045,P0028,2025-05-10T15:46:00
S00516,C0055,P0006,2025-02-09T20:23:00
S00517,C0021,P0008,2025-02-01T06:28:00
S00518,C0026,P0000,2025-03-04T15:21:00
S00519,C0018,P0032,2025-02-13T02:17:00
S00520,C0023,P0026,2025-04-03T20:42:00
S00521,C0015,P0009,2025-05-16T13:50:00
S00522,C0014,P0008,2025-04-20T13:58:00
S00523,C0026,P0029,2025-05-13T21:23:00
S00524,C0001,P0028,2025-02-07T00:45:00
S00525,C0051,P0033,2025-01-18T02:21:00
S00526,C0020,P0025,2025-02-12T13:03:00
S00527,C0025,P0002,2025-06-19T20:09:00
S00528,C0057,P0036,2025-01-15T20:45:00
S00529,C0051,P0033,2025-03-17T13:25:00
S00530,C0056,P0035,2025-03-19T23:47:00
S00531,C0020,P0022,2025-01-03T08:57:00
S00532,C0033,P0039,2025-02-07T22:25:00
S00533,C0028,P0013,2025-05-20T19:50:00
S00534,C0039,P0028,2025-03-30T20:25:00
S00535,C0049,P0012,2025-03-19T02:02:00
S00536,C0034,P0021,2025-04-10T23:46:00
S00537,C0047,P0008,2025-05-14T17:18:00
S00538,C0013,P0005,2025-05-11T17:19:00
S00539,C0033,P0021,2025-06-12T05:01:00
S00540,C0001,P0034,2025-06-01T08:15:00
S00541,C0053,P0019,2025-04-19T16:07:00
S00542,C0046,P0003,2025-04-06T08:40:00
S00543,C0032,P0022,2025-02-01T01:48:00
S00544,C0041,P0007,2025-04-25T09:36:00
S00545,C0047,P0000,2025-04-27T10:15:00
S00546,C0051,P0037,2025-05-25T22:57:00
S00547,C0040,P0034,2025-06-02T07:22:00
S00548,C0019,P0018,2025-06-20T22:36:00
S00549,C0043,P0008,2025-04-07T16:47:00
S00550,C0015,P0006,2025-03-25T16:37:00
S00551,C0012,P0023,2025-04-27T03:09:00
S00552,C0045,P0027,2025-04-16T02:05:00
S00553,C0003,P0027,2025-02-03T15:13:00
S00554,C0028,P0004,2025-04-05T21:33:00
S00555,C0025,P0037,2025-05-24T16:49:00
S00556,C0025,P0016,2025-05-30T15:40:00
S00557,C0027,P0028,2025-05-06T23:26:00
S00558,C0052,P0010,2025-02-06T16:08:00
S00559,C0031,P0029,2025-02-03T22:32:00
S00560,C0055,P0033,2025-01-31T22:13:00
S00561,C0029,P0030,2025-01-09T23:10:00
S00562,C0035,P0023,2025-01-31T19:54:00
S00563,C0026,P0007,2025-01-31T11:36:00
S00564,C0018,P0002,2025-05-14T04:07:00
S00565,C0023,P0019,2025-04-06T09:18:00
S00566,C0031,P0001,2025-02-06T04:50:00
S00567,C0037,P0026,2025-01-13T09:56:00
S00568,C0018,P0013,2025-02-16T23:31:00
S00569,C0000,P0007,2025-05-21T11:04:00
S00570,C0055,P0002,2025-04-17T15:36:00
S00571,C0019,P0036,2025-04-26T10:50:00
S00572,C0024,P0030,2025-06-05T04:48:00
S00573,C0008,P0032,2025-06-12T14:48:00
S00574,C0028,P0028,2025-02-08T23:20:00
S00575,C0005,P0039,2025-06-20T19:26:00
S00576,C0024,P0014,2025-04-12T10:34:00
S00577,C0002,P0028,2025-03-13T20:05:00
S00578,C0055,P0010,2025-01-07T18:40:00
S00579,C0050,P0019,2025-05-24T20:07:00
S00580,C0041,P0035,2025-01-22T06:39:00
S00581,C0034,P0036,2025-01-14T18:33:00
S00582,C0012,P0030,2025-05-09T00:07:00
S00583,C0042,P0034,2025-02-16T00:17:00
S00584,C0050,P0013,2025-03-04T22:53:00
S00585,C0056,P0037,2025-04-24T02:51:00
S00586,C0034,P0038,2025-03-24T12:37:00
S00587,C0002,P0031,2025-01-06T10:27:00
S00588,C0011,P0026,2025-01-07T16:20:00
S00589,C0024,P0016,2025-01-24T03:06:00
S00590,C0034,P0010,2025-03-15T04:11:00
S00591,C0016,P0005,2025-02-09T09:26:00
S00592,C0043,P0010,2025-01-16T19:20:00
S00593,C0011,P0001,2025-01-15T09:24:00
S00594,C0006,P0020,2025-02-06T13:57:00
S00595,C0020,P0016,2025-04-07T03:03:00
S00596,C0012,P0015,2025-06-02T18:15:00
S00597,C0031,P0032,2025-05-10T12:07:00
S00598,C0017,P0003,2025-03-23T14:35:00
S00599,C0026,P0004,2025-05-04T00:26:00
S00600,C0040,P0014,2025-01-05T08:35:00
S00601,C0037,P0006,2025-03-05T17:41:00
S00602,C0050,P0008,2025-03-19T18:26:00
S00603,C0028,P0005,2025-06-12T16:13:00
S00604,C0050,P0009,2025-04-06T17:10:00
S00605,C0050,P0015,2025-05-18T13:58:00
S00606,C0035,P0028,2025-01-11T00:52:00
S00607,C0029,P0039,2025-03-16T20:10:00
S00608,C0000,P0003,2025-05-04T08:38:00
S00609,C0016,P0024,2025-03-31T20:13:00
S00610,C0037,P0032,2025-03-14T01:10:00
S00611,C0047,P0034,2025-05-25T02:19:00
S00612,C0005,P0025,2025-02-01T04:46:00
S00613,C0035,P0017,2025-04-21T06:39:00
S00614,C0032,P0020,2025-03-29T20:16:00
S00615,C0048,P0028,2025-03-11T07:42:00
S00616,C0020,P0021,2025-02-23T14:38:00
S00617,C0021,P0001,2025-02-04T20:59:00
S00618,C0000,P0038,2025-05-02T00:57:00
S00619,C0000,P0011,2025-04-16T17:57:00
S00620,C0044,P0031,2025-04-11T17:05:00
S00621,C0050,P0004,2025-05-18T00:57:00
S00622,C0053,P0028,2025-02-01T11:52:00
S00623,C0024,P0038,2025-04-02T12:11:00
S00624,C0053,P0000,2025-02-01T14:23:00
S00625,C0059,P0012,2025-04-24T00:14:00
S00626,C0047,P0001,2025-03-13T21:58:00
S00627,C0045,P0022,2025-02-19T02:52:00
S00628,C0039,P0019,2025-02-26T07:31:00
S00629,C0023,P0002,2025-03-13T15:57:00
S00630,C0045,P0038,2025-02-23T00:12:00
S00631,C0052,P0025,2025-01-29T08:36:00
S00632,C0032,P0031,2025-02-13T17:12:00
S00633,C0042,P0036,2025-06-04T18:11:00
S00634,C0004,P0037,2025-02-02T23:04:00
S00635,C0008,P0016,2025-05-26T07:56:00
S00636,C0033,P0017,2025-02-19T21:01:00
S00637,C0044,P0034,2025-06-07T08:43:00
S00638,C0035,P0029,2025-01-01T13:41:00
S00639,C0043,P0003,2025-03-24T13:54:00
S00640,C0026,P0017,2025-02-01T21:33:00
S00641,C0029,P0031,2025-04-03T16:48:00
S00642,C0002,P0014,2025-01-13T08:58:00
S00643,C0026,P0034,2025-04-25T10:00:00
S00644,C0025,P0012,2025-03-27T02:56:00
S00645,C0036,P0001,2025-02-27T22:27:00
S00646,C0004,P0015,2025-02-20T05:21:00
S00647,C0019,P0004,2025-06-10T20:06:00
S00648,C0001,P0030,2025-04-21T00:37:00
S00649,C0051,P0021,2025-03-06T07:06:00
S00650,C0030,P0015,2025-03-29T01:52:00
S00651,C0021,P0033,2025-03-02T02:49:00
S00652,C0038,P0039,2025-04-23T03:40:00
S00653,C0028,P0037,2025-02-01T02:03:00
S00654,C0058,P0002,2025-04-07T10:56:00
S00655,C0054,P0004,2025-02-02T01:58:00
S00656,C0051,P0028,2025-01-15T09:39:00
S00657,C0040,P0027,2025-01-17T03:43:00
S00658,C0003,P0035,2025-01-14T09:54:00
S00659,C0024,P0025,2025-01-25T19:48:00
S00660,C0026,P0014,2025-06-03T21:39:00
S00661,C0000,P0029,2025-04-09T14:50:00
S00662,C0027,P0039,2025-06-08T03:21:00
S00663,C0041,P0001,2025-04-27T16:21:00
S00664,C0037,P0012,2025-01-28T03:00:00
S00665,C0038,P0004,2025-06-01T06:57:00
S00666,C0036,P0008,2025-06-13T16:16:00
S00667,C0022,P0026,2025-05-04T23:39:00
S00668,C0028,P0011,2025-03-04T04:51:00
S00669,C0002,P0003,2025-02-02T09:37:00
S00670,C0027,P0032,2025-06-16T11:19:00
S00671,C0037,P0034,2025-02-07T04:30:00
S00672,C0019,P0038,2025-03-29T09:23:00
S00673,C0000,P0033,2025-05-31T21:43:00
S00674,C0009,P0003,2025-03-02T16:52:00
S00675,C0053,P0035,2025-01-14T13:22:00
S00676,C0012,P0012,2025-06-13T06:50:00
S00677,C0004,P0021,2025-02-18T21:30:00
S00678,C0044,P0029,2025-06-03T22:21:00
S00679,C0054,P0037,2025-05-25T10:39:00
S00680,C0019,P0026,2025-03-26T05:06:00
S00681,C0029,P0002,2025-05-07T07:58:00
S00682,C0000,P0014,2025-02-28T14:39:00
S00683,C0013,P0015,2025-05-04T23:49:00
S00684,C0052,P0021,2025-04-07T06:25:00
S00685,C0011,P0000,2025-04-03T00:04:00
S00686,C0022,P0001,2025-05-23T03:09:00
S00687,C0018,P0028,2025-02-19T20:37:00
S00688,C0058,P0023,2025-01-12T00:12:00
S00689,C0012,P0018,2025-02-14T07:56:00
S00690,C0016,P0011,2025-03-28T17:15:00
S00691,C0011,P0012,2025-01-06T05:53:00
S00692,C0016,P0006,2025-01-06T21:08:00
S00693,C0024,P0007,2025-03-28T06:19:00
S00694,C0029,P0015,2025-04-05T11:42:00
S00695,C0010,P0033,2025-06-09T13:56:00
S00696,C0045,P0004,2025-01-31T04:56:00
S00697,C0059,P0008,2025-02-18T06:34:00
S00698,C0024,P0023,2025-03-23T19:27:00
S00699,C0040,P0015,2025-01-12T19:37:00
S00700,C0012,P0034,2025-03-17T04:20:00
S00701,C0015,P0003,2025-06-11T08:55:00
S00702,C0008,P0032,2025-05-30T15:13:00
S00703,C0046,P0005,2025-05-01T21:39:00
S00704,C0004,P0010,2025-05-11T12:48:00
S00705,C0056,P0032,2025-04-06T15:33:00
S00706,C0029,P0011,2025-03-24T22:23:00
S00707,C0033,P0030,2025-05-07T15:17:00
S00708,C0037,P0025,2025-06-13T18:41:00
S00709,C0002,P0013,2025-02-26T06:28:00
S00710,C0055,P0015,2025-04-12T06:19:00
S00711,C0027,P0024,2025-05-27T05:59:00
S00712,C0053,P0023,2025-03-07T17:05:00
S00713,C0008,P0005,2025-03-17T14:33:00
S00714,C0022,P0014,2025-05-30T01:29:00
S00715,C0032,P0039,2025-03-28T13:28:00
S00716,C0029,P0027,2025-04-15T11:51:00
S00717,C0031,P0020,2025-03-11T12:01:00
S00718,C0011,P0028,2025-03-01T08:41:00
S00719,C0004,P0022,2025-01-22T09:53:00
S00720,C0032,P0032,2025-05-20T20:05:00
S00721,C0050,P0017,2025-02-28T03:07:00
S00722,C0004,P0023,2025-01-10T17:12:00
S00723,C0021,P0012,2025-03-26T08:19:00
S00724,C0047,P0017,2025-02-18T22:38:00
S00725,C0008,P0034,2025-03-08T00:49:00
S00726,C0019,P0018,2025-03-30T12:25:00
S00727,C0052,P0037,2025-06-17T00:30:00
S00728,C0041,P0032,2025-02-08T12:14:00
S00729,C0014,P0013,2025-05-02T07:33:00
S00730,C0037,P0035,2025-04-30T23:52:00
S00731,C0029,P0021,2025-01-22T10:54:00
S00732,C0012,P0027,2025-04-17T06:28:00
S00733,C0028,P0035,2025-01-08T11:08:00
S00734,C0036,P0008,2025-03-20T23:00:00
S00735,C0031,P0022,2025-03-28T07:26:00
S00736,C0027,P0025,2025-05-18T09:20:00
S00737,C0037,P0001,2025-05-26T01:59:00
S00738,C0008,P0009,2025-03-26T18:40:00
S00739,C0051,P0038,2025-06-05T18:55:00
S00740,C0025,P0024,2025-02-22T12:04:00
S00741,C0034,P0024,2025-02-18T15:06:00
S00742,C0021,P0036,2025-04-26T20:57:00
S00743,C0019,P0005,2025-02-13T03:43:00
S00744,C0035,P0011,2025-01-09T22:38:00
S00745,C0031,P0001,2025-02-17T06:04:00
S00746,C0058,P0024,2025-03-14T06:14:00
S00747,C0018,P0033,2025-01-18T14:03:00
S00748,C0023,P0033,2025-01-03T05:20:00
S00749,C0055,P0026,2025-04-11T05:07:00
S00750,C0008,P0034,2025-04-18T15:47:00
S00751,C0004,P0024,2025-02-22T04:55:00
S00752,C0013,P0019,2025-04-21T22:42:00
S00753,C0030,P0010,2025-06-04T18:19:00
S00754,C0037,P0012,2025-05-09T22:43:00
S00755,C0029,P0017,2025-02-21T00:09:00
S00756,C0028,P0004,2025-04-13T19:51:00
S00757,C0015,P0033,2025-03-26T18:56:00
S00758,C0031,P0029,2025-04-29T18:02:00
S00759,C0047,P0005,2025-03-15T20:56:00
S00760,C0058,P0029,2025-03-30T22:53:00
S00761,C0045,P0019,2025-04-11T19:52:00
S00762,C0051,P0011,2025-04-17T07:11:00
S00763,C0057,P0039,2025-04-21T14:24:00
S00764,C0058,P0011,2025-05-26T03:25:00
S00765,C0044,P0002,2025-03-03T05:17:00
S00766,C0056,P0034,2025-03-16T21:58:00
S00767,C0004,P0013,2025-05-07T13:48:00
S00768,C0035,P0007,2025-04-05T02:48:00
S00769,C0006,P0032,2025-03-25T13:28:00
S00770,C0010,P0016,2025-02-23T16:02:00
S00771,C0029,P0001,2025-01-19T20:44:00
S00772,C0043,P0029,2025-04-08T10:47:00
S00773,C0025,P0012,2025-04-12T01:00:00
S00774,C0016,P0007,2025-02-04T10:42:00
S00775,C0047,P0029,2025-05-05T14:04:00
S00776,C0005,P0035,2025-06-18T07:45:00
S00777,C0028,P0008,2025-05-01T08:53:00
S00778,C0010,P0010,2025-01-05T19:06:00
S00779,C0011,P0018,2025-02-01T17:47:00
S00780,C0025,P0010,2025-01-20T21:48:00
S00781,C0000,P0017,2025-02-09T14:22:00
S00782,C0011,P0013,2025-01-09T21:34:00
S00783,C0013,P0028,2025-01-13T20:51:00
S00784,C0033,P0006,2025-04-10T22:19:00
S00785,C0028,P0003,2025-06-03T00:03:00
S00786,C0049,P0024,2025-02-21T07:23:00
S00787,C0058,P0015,2025-02-21T02:01:00
S00788,C0026,P0001,2025-01-04T10:52:00
S00789,C0012,P0004,2025-02-26T03:51:00
S00790,C0053,P0010,2025-02-12T01:26:00
S00791,C0032,P0006,2025-03-25T10:35:00
S00792,C0040,P0012,2025-06-09T06:59:00
S00793,C0034,P0025,2025-04-20T03:14:00
S00794,C0013,P0006,2025-04-02T10:11:00
S00795,C0000,P0025,2025-06-17T10:00:00
S00796,C0024,P0013,2025-04-28T07:04:00
S00797,C0042,P0017,2025-06-16T19:23:00
S00798,C0002,P0004,2025-02-25T13:19:00
S00799,C0049,P0038,2025-05-08T03:45:00
S00800,C0034,P0036,2025-02-13T08:06:00
S00801,C0038,P0020,2025-06-11T22:24:00
S00802,C0043,P0008,2025-03-27T05:40:00
S00803,C0048,P0020,2025-06-20T15:04:00
S00804,C0021,P0001,2025-06-05T18:28:00
S00805,C0024,P0032,2025-06-13T23:14:00
S00806,C0032,P0037,2025-01-04T07:01:00
S00807,C0039,P0007,2025-03-21T07:47:00
S00808,C0027,P0015,2025-06-08T02:03:00
S00809,C0008,P0023,2025-05-08T09:12:00
S00810,C0009,P0024,2025-02-22T20:02:00
S00811,C0015,P0038,2025-04-24T23:56:00
S00812,C0021,P0008,2025-03-13T10:41:00
S00813,C0050,P0002,2025-05-14T13:41:00
S00814,C0052,P0018,2025-01-07T07:54:00
S00815,C0046,P0021,2025-03-29T07:13:00
S00816,C0034,P0003,2025-06-20T07:51:00
S00817,C0043,P0014,2025-06-05T12:33:00
S00818,C0020,P0011,2025-04-24T20:00:00
S00819,C0004,P0031,2025-01-18T06:03:00
S00820,C0040,P0009,2025-02-22T04:05:00
S00821,C0011,P0037,2025-05-21T06:15:00
S00822,C0032,P0005,2025-04-20T23:29:00
S00823,C0019,P0010,2025-02-20T07:27:00
S00824,C0011,P0038,2025-03-05T09:18:00
S00825,C0036,P0028,2025-06-12T06:17:00
S00826,C0055,P0030,2025-01-21T11:25:00
S00827,C0024,P0010,2025-05-01T14:27:00
S00828,C0032,P0039,2025-04-21T04:52:00
S00829,C0050,P0030,2025-01-06T12:27:00
S00830,C0054,P0005,2025-03-18T19:34:00
S00831,C0009,P0035,2025-02-14T08:24:00
S00832,C0029,P0019,2025-04-27T09:24:00
S00833,C0035,P0038,2025-05-04T02:21:00
S00834,C0008,P0030,2025-02-20T04:58:00
S00835,C0012,P0000,2025-01-04T16:46:00
S00836,C0046,P0023,2025-05-06T12:59:00
S00837,C0026,P0025,2025-04-06T12:31:00
S00838,C0019,P0037,2025-01-19T13:56:00
S00839,C0002,P0007,2025-04-09T18:10:00
S00840,C0012,P0027,2025-03-07T23:22:00
S00841,C0032,P0031,2025-06-12T22:23:00
S00842,C0044,P0003,2025-06-16T12:59:00
S00843,C0027,P0015,2025-03-04T15:02:00
S00844,C0058,P0023,2025-06-11T22:43:00
S00845,C0001,P0009,2025-03-08T19:29:00
S00846,C0043,P0009,2025-03-07T07:38:00
S00847,C0037,P0010,2025-01-04T03:49:00
S00848,C0005,P0024,2025-04-12T22:37:00
S00849,C0057,P0005,2025-05-13T06:56:00
S00850,C0027,P0010,2025-04-20T08:44:00
S00851,C0019,P0032,2025-05-17T21:56:00
S00852,C0024,P0037,2025-03-20T23:26:00
S00853,C0048,P0005,2025-01-28T20:36:00
S00854,C0049,P0022,2025-02-06T08:47:00
S00855,C0013,P0025,2025-03-20T00:10:00
S00856,C0052,P0031,2025-01-01T03:04:00
S00857,C0049,P0026,2025-05-15T13:41:00
S00858,C0018,P0027,2025-02-13T05:23:00
S00859,C0011,P0008,2025-02-20T15:11:00
S00860,C0032,P0007,2025-04-26T18:52:00
S00861,C0013,P0011,2025-02-21T01:47:00
S00862,C0011,P0012,2025-03-08T13:28:00
S00863,C0040,P0039,2025-01-28T20:10:00
S00864,C0005,P0018,2025-01-22T12:07:00
S00865,C0017,P0004,2025-03-29T00:37:00
S00866,C0015,P0030,2025-05-05T21:48:00
S00867,C0006,P0000,2025-01-16T08:48:00
S00868,C0000,P0037,2025-01-11T03:13:00
S00869,C0033,P0000,2025-04-07T19:33:00
S00870,C0048,P0017,2025-05-05T15:48:00
S00871,C0021,P0038,2025-04-20T10:23:00
S00872,C0043,P0021,2025-03-22T07:23:00
S00873,C0042,P0025,2025-04-07T19:03:00
S00874,C0022,P0021,2025-01-26T00:29:00
S00875,C0055,P0025,2025-02-05T00:38:00
S00876,C0007,P0033,2025-03-13T22:48:00
S00877,C0052,P0015,2025-04-05T14:39:00
S00878,C0043,P0030,2025-05-12T13:42:00
S00879,C0012,P0000,2025-06-13T10:01:00
S00880,C0040,P0023,2025-01-12T23:20:00
S00881,C0043,P0028,2025-03-01T19:31:00
S00882,C0025,P0039,2025-01-21T11:27:00
S00883,C0059,P0030,2025-06-18T22:57:00
S00884,C0006,P0024,2025-03-17T19:12:00
S00885,C0045,P0009,2025-05-14T18:50:00
S00886,C0054,P0032,2025-01-09T04:31:00
S00887,C0050,P0005,2025-03-19T21:35:00
S00888,C0055,P0029,2025-02-13T14:07:00
S00889,C0030,P0034,2025-03-03T07:13:00
S00890,C0010,P0005,2025-01-28T13:45:00
S00891,C0001,P0010,2025-03-25T12:49:00
S00892,C0017,P0014,2025-03-07T21:30:00
S00893,C0057,P0007,2025-06-20T04:59:00
S00894,C0034,P0031,2025-01-24T22:21:00
S00895,C0055,P0014,2025-05-28T19:04:00
S00896,C0041,P0021,2025-04-07T22:47:00
S00897,C0047,P0024,2025-06-17T20:50:00
S00898,C0035,P0027,2025-03-01T07:16:00
S00899,C0007,P0018,2025-01-23T03:05:00
S00900,C0021,P0037,2025-02-18T23:07:00
S00901,C0036,P0023,2025-02-02T10:24:00
S00902,C0036,P0000,2025-03-21T01:37:00
S00903,C0034,P0012,2025-04-10T13:20:00
S00904,C0049,P0023,2025-02-02T16:42:00
S00905,C0038,P0037,2025-02-26T03:25:00
S00906,C0000,P0034,2025-04-28T10:09:00
S00907,C0052,P0018,2025-02-26T15:43:00
S00908,C0029,P0009,2025-06-03T09:09:00
S00909,C0047,P0002,2025-06-03T10:19:00
S00910,C0032,P0007,2025-03-12T22:36:00
S00911,C0030,P0013,2025-05-07T09:45:00
S00912,C0024,P0003,2025-03-27T04:52:00
S00913,C0045,P0013,2025-02-27T22:47:00
S00914,C0003,P0011,2025-05-05T23:25:00
S00915,C0019,P0010,2025-01-06T17:25:00
S00916,C0021,P0027,2025-05-02T11:48:00
S00917,C0025,P0025,2025-01-19T16:46:00
S00918,C0018,P0018,2025-02-19T22:54:00
S00919,C0035,P0025,2025-01-25T04:20:00
S00920,C0048,P0037,2025-01-14T22:19:00
S00921,C0029,P0010,2025-05-28T04:28:00
S00922,C0044,P0030,2025-03-16T04:13:00
S00923,C0013,P0012,2025-06-16T00:23:00
S00924,C0046,P0036,2025-01-27T21:50:00
S00925,C0054,P0009,2025-04-07T13:43:00
S00926,C0053,P0010,2025-01-15T03:22:00
S00927,C0030,P0011,2025-01-14T03:32:00
S00928,C0041,P0021,2025-06-01T13:09:00
S00929,C0040,P0025,2025-03-04T01:07:00
S00930,C0015,P0025,2025-05-06T09:44:00
S00931,C0038,P0011,2025-06-17T23:24:00
S00932,C0049,P0005,2025-04-29T20:24:00
S00933,C0017,P0028,2025-04-05T00:07:00
S00934,C0007,P0005,2025-02-01T15:41:00
S00935,C0042,P0032,2025-02-27T00:37:00
S00936,C0036,P0036,2025-05-03T08:44:00
S00937,C0047,P0006,2025-06-01T05:24:00
S00938,C0030,P0027,2025-03-18T18:08:00
S00939,C0006,P0020,2025-01-17T22:58:00
S00940,C0055,P0034,2025-02-17T12:52:00
S00941,C0044,P0001,2025-04-11T17:52:00
S00942,C0034,P0033,2025-05-06T02:33:00
S00943,C0053,P0037,2025-05-18T22:52:00
S00944,C0050,P0007,2025-02-23T21:57:00
S00945,C0007,P0011,2025-06-03T22:11:00
S00946,C0000,P0035,2025-04-25T10:07:00
S00947,C0002,P0008,2025-05-28T06:41:00
S00948,C0010,P0005,2025-05-24T08:54:00
S00949,C0048,P0002,2025-01-22T03:32:00
S00950,C0019,P0023,2025-05-20T05:27:00
S00951,C0042,P0000,2025-03-05T09:02:00
S00952,C0033,P0018,2025-06-18T17:28:00
S00953,C0008,P0036,2025-05-06T22:20:00
S00954,C0033,P0022,2025-06-05T17:32:00
S00955,C0013,P0006,2025-06-19T01:15:00
S00956,C0002,P0012,2025-02-06T09:54:00
S00957,C0053,P0013,2025-02-04T19:35:00
S00958,C0013,P0037,2025-04-02T08:08:00
S00959,C0046,P0039,2025-04-19T02:35:00
S00960,C0016,P0016,2025-04-08T20:57:00
S00961,C0010,P0025,2025-04-27T02:16:00
S00962,C0043,P0027,2025-02-06T17:13:00
S00963,C0004,P0017,2025-06-12T22:41:00
S00964,C0012,P0023,2025-05-25T21:41:00
S00965,C0052,P0032,2025-06-04T05:26:00
S00966,C0052,P0009,2025-03-22T13:24:00
S00967,C0001,P0038,2025-03-05T02:17:00
S00968,C0007,P0034,2025-01-29T21:35:00
S00969,C0026,P0004,2025-03-26T20:05:00
S00970,C0023,P0021,2025-03-11T04:55:00
S00971,C0051,P0014,2025-03-12T00:06:00
S00972,C0024,P0014,2025-04-07T03:50:00
S00973,C0059,P0007,2025-02-14T16:46:00
S00974,C0056,P0019,2025-05-31T15:06:00
S00975,C0033,P0022,2025-05-27T09:35:00
S00976,C0017,P0038,2025-01-26T01:10:00
S00977,C0020,P0024,2025-02-16T11:51:00
S00978,C0047,P0034,2025-05-22T19:56:00
S00979,C0054,P0025,2025-05-03T18:08:00
S00980,C0016,P0000,2025-05-12T22:09:00
S00981,C0042,P0008,2025-02-06T12:36:00
S00982,C0047,P0017,2025-01-14T23:40:00
S00983,C0023,P0015,2025-06-05T13:45:00
S00984,C0029,P0011,2025-04-23T11:51:00
S00985,C0029,P0032,2025-03-15T08:27:00
S00986,C0033,P0014,2025-03-20T20:54:00
S00987,C0005,P0019,2025-04-15T10:54:00
S00988,C0005,P0005,2025-01-20T23:15:00
S00989,C0005,P0010,2025-05-28T01:05:00
S00990,C0047,P0018,2025-05-22T15:51:00
S00991,C0055,P0000,2025-04-19T21:32:00
S00992,C0059,P0008,2025-05-03T15:32:00
S00993,C0043,P0034,2025-02-01T12:00:00
S00994,C0039,P0012,2025-01-02T22:27:00
S00995,C0044,P0034,2025-03-30T07:47:00
S00996,C0042,P0033,2025-06-05T01:38:00
S00997,C0028,P0010,2025-05-15T07:11:00
S00998,C0004,P0023,2025-02-04T16:22:00
S00999,C0003,P0027,2025-05-07T12:10:00
S01000,C0023,P0007,2025-03-28T21:15:00
S01001,C0053,P0034,2025-01-31T09:19:00
S01002,C0030,P0018,2025-03-09T06:00:00
S01003,C0047,P0036,2025-04-11T06:59:00
S01004,C0019,P0032,2025-01-10T14:57:00
S01005,C0039,P0031,2025-01-15T11:00:00
S01006,C0039,P0029,2025-03-26T09:22:00
S01007,C0006,P0000,2025-03-31T23:11:00
S01008,C0025,P0022,2025-01-03T03:27:00
S01009,C0031,P0012,2025-01-22T16:32:00
S01010,C0057,P0009,2025-04-16T03:58:00
S01011,C0031,P0000,2025-02-09T21:16:00
S01012,C0014,P0030,2025-04-12T11:19:00
S01013,C0023,P0027,2025-02-16T17:51:00
S01014,C0017,P0006,2025-04-23T21:53:00
S01015,C0028,P0010,2025-02-05T11:47:00
S01016,C0027,P0000,2025-04-02T22:12:00
S01017,C0007,P0012,2025-03-14T01:08:00
S01018,C0025,P0026,2025-03-26T01:10:00
S01019,C0042,P0012,2025-05-03T21:17:00
S01020,C0007,P0026,2025-05-06T17:31:00
S01021,C0051,P0008,2025-03-25T12:32:00
S01022,C0046,P0024,2025-02-03T03:06:00
S01023,C0050,P0001,2025-02-02T04:22:00
S01024,C0032,P0000,2025-03-02T01:43:00
S01025,C0053,P0021,2025-04-20T19:47:00
S01026,C0000,P0027,2025-05-03T09:18:00
S01027,C0031,P0005,2025-04-20T07:39:00
S01028,C0009,P0032,2025-02-17T07:17:00
S01029,C0049,P0007,2025-03-09T22:15:00
S01030,C0042,P0027,2025-02-20T15:45:00
S01031,C0050,P0006,2025-05-09T19:11:00
S01032,C0012,P0037,2025-06-11T20:09:00
S01033,C0014,P0007,2025-02-03T12:02:00
S01034,C0017,P0012,2025-02-07T13:01:00
S01035,C0039,P0012,2025-01-24T01:24:00
S01036,C0026,P0033,2025-03-20T22:40:00
S01037,C0014,P0014,2025-03-28T13:30:00
S01038,C0003,P0032,2025-04-20T20:03:00
S01039,C0019,P0007,2025-03-10T11:17:00
S01040,C0022,P0026,2025-03-05T10:57:00
S01041,C0003,P0011,2025-01-11T00:03:00
S01042,C0042,P0020,2025-02-24T09:30:00
S01043,C0017,P0038,2025-01-26T13:11:00
S01044,C0016,P0031,2025-04-04T10:19:00
S01045,C0007,P0006,2025-01-04T21:35:00
S01046,C0049,P0008,2025-03-26T11:47:00
S01047,C0051,P0023,2025-05-31T16:38:00
S01048,C0023,P0015,2025-06-16T08:13:00
S01049,C0037,P0024,2025-01-23T03:08:00
S01050,C0040,P0038,2025-01-31T01:37:00
S01051,C0058,P0012,2025-02-19T22:28:00
S01052,C0059,P0006,2025-01-20T17:39:00
S01053,C0021,P0019,2025-05-02T06:34:00
S01054,C0046,P0009,2025-01-12T04:12:00
S01055,C0026,P0035,2025-03-06T17:22:00
S01056,C0057,P0023,2025-04-25T20:45:00
S01057,C0007,P0027,2025-01-18T15:26:00
S01058,C0033,P0032,2025-01-06T05:38:00
S01059,C0017,P0008,2025-03-16T01:36:00
S01060,C0003,P0012,2025-04-12T15:43:00
S01061,C0034,P0032,2025-01-20T05:28:00
S01062,C0048,P0032,2025-04-09T17:49:00
S01063,C0024,P0025,2025-06-05T08:13:00
S01064,C0011,P0000,2025-02-10T18:13:00
S01065,C0037,P0000,2025-05-12T14:32:00
S01066,C0045,P0033,2025-03-08T09:54:00
S01067,C0014,P0018,2025-03-10T17:07:00
S01068,C0010,P0014,2025-01-12T17:15:00
S01069,C0018,P0002,2025-06-13T04:56:00
S01070,C0017,P0008,2025-03-11T01:41:00
S01071,C0015,P0013,2025-05-17T03:00:00
S01072,C0041,P0022,2025-06-11T19:23:00
S01073,C0020,P0005,2025-05-21T08:46:00
S01074,C0008,P0026,2025-06-06T09:20:00
S01075,C0003,P0000,2025-04-02T07:46:00
S01076,C0017,P0011,2025-03-07T00:34:00
S01077,C0042,P0037,2025-01-28T23:47:00
S01078,C0044,P0024,2025-06-17T08:55:00
S01079,C0040,P0038,2025-05-22T06:52:00
S01080,C0028,P0014,2025-03-25T08:13:00
S01081,C0037,P0025,2025-02-09T14:14:00
S01082,C0046,P0027,2025-04-05T04:57:00
S01083,C0030,P0005,2025-05-07T05:29:00
S01084,C0011,P0011,2025-02-18T18:31:00
S01085,C0046,P0011,2025-06-15T09:01:00
S01086,C0019,P0010,2025-02-15T12:43:00
S01087,C0038,P0012,2025-01-18T04:04:00
S01088,C0027,P0015,2025-04-27T20:25:00
S01089,C0006,P0033,2025-02-05T23:48:00
S01090,C0051,P0000,2025-06-04T03:24:00
S01091,C0024,P0001,2025-01-29T00:48:00
S01092,C0053,P0002,2025-02-03T07:49:00
S01093,C0005,P0017,2025-02-06T20:38:00
S01094,C0000,P0000,2025-01-28T17:47:00
S01095,C0052,P0021,2025-01-22T06:08:00
S01096,C0030,P0036,2025-04-24T05:19:00
S01097,C0021,P0030,2025-02-09T07:03:00
S01098,C0034,P0017,2025-06-10T17:07:00
S01099,C0001,P0002,2025-01-27T17:18:00
S01100,C0006,P0032,2025-04-17T04:00:00
S01101,C0058,P0014,2025-01-07T07:27:00
S01102,C0024,P0009,2025-04-01T20:18:00
S01103,C0014,P0024,2025-01-29T15:10:00
S01104,C0007,P0014,2025-01-27T09:22:00
S01105,C0004,P0039,2025-03-27T03:23:00
S01106,C0059,P0005,2025-01-12T19:09:00
S01107,C0011,P0027,2025-05-16T10:38:00
S01108,C0011,P0027,2025-02-08T21:43:00
S01109,C0019,P0039,2025-03-15T11:56:00
S01110,C0006,P0017,2025-05-08T21:23:00
S01111,C0059,P0016,2025-01-20T00:55:00
S01112,C0059,P0009,2025-06-17T04:20:00
S01113,C0009,P0024,2025-04-25T23:50:00
S01114,C0050,P0030,2025-01-18T03:36:00
S01115,C0027,P0017,2025-02-07T02:20:00
S01116,C0008,P0011,2025-04-09T11:20:00
S01117,C0031,P0027,2025-05-04T22:26:00
S01118,C0038,P0021,2025-02-05T20:58:00
S01119,C0015,P0024,2025-04-18T17:31:00
S01120,C0034,P0034,2025-05-07T17:34:00
S01121,C0052,P0014,2025-04-09T02:37:00
S01122,C0045,P0026,2025-05-15T18:49:00
S01123,C0044,P0014,2025-01-23T07:23:00
S01124,C0000,P0013,2025-01-05T11:35:00
S01125,C0030,P0008,2025-01-29T01:58:00
S01126,C0022,P0023,2025-02-05T09:29:00
S01127,C0009,P0035,2025-04-18T07:13:00
S01128,C0052,P0014,2025-01-15T23:08:00
S01129,C0007,P0009,2025-04-07T23:01:00
S01130,C0044,P0027,2025-04-06T01:44:00
S01131,C0006,P0037,2025-01-19T15:53:00
S01132,C0038,P0010,2025-01-08T04:23:00
S01133,C0009,P0005,2025-03-04T02:00:00
S01134,C0036,P0026,2025-02-08T05:30:00
S01135,C0047,P0008,2025-05-16T22:19:00
S01136,C0030,P0026,2025-03-28T14:50:00
S01137,C0041,P0000,2025-03-15T03:09:00
S01138,C0003,P0002,2025-06-04T05:32:00
S01139,C0010,P0000,2025-04-12T13:43:00
S01140,C0056,P0029,2025-05-22T22:53:00
S01141,C0016,P0036,2025-05-09T09:45:00
S01142,C0014,P0027,2025-02-10T08:05:00
S01143,C0033,P0024,2025-02-02T23:13:00
S01144,C0025,P0039,2025-01-15T07:25:00
S01145,C0011,P0035,2025-06-04T02:52:00
S01146,C0044,P0029,2025-05-03T10:41:00
S01147,C0041,P0025,2025-04-08T05:03:00
S01148,C0051,P0023,2025-06-15T13:12:00
S01149,C0017,P0006,2025-01-27T02:23:00
S01150,C0038,P0021,2025-01-08T07:18:00
S01151,C0010,P0034,2025-01-28T02:13:00
S01152,C0038,P0000,2025-03-21T06:35:00
S01153,C0012,P0002,2025-03-03T08:05:00
S01154,C0036,P0036,2025-01-12T18:50:00
S01155,C0030,P0002,2025-01-13T10:05:00
S01156,C0019,P0000,2025-04-02T09:25:00
S01157,C0032,P0012,2025-03-22T12:46:00
S01158,C0022,P0008,2025-01-25T10:26:00
S01159,C0057,P0032,2025-01-26T16:51:00
S01160,C0049,P0009,2025-01-07T18:50:00
S01161,C0024,P0030,2025-05-31T01:18:00
S01162,C0010,P0009,2025-04-29T02:56:00
S01163,C0040,P0005,2025-03-01T06:51:00
S01164,C0043,P0009,2025-02-11T16:33:00
S01165,C0046,P0038,2025-06-16T16:59:00
S01166,C0049,P0021,2025-04-25T04:21:00
S01167,C0018,P0023,2025-06-09T13:02:00
S01168,C0057,P0024,2025-03-03T06:39:00
S01169,C0038,P0004,2025-02-09T18:40:00
S01170,C0031,P0006,2025-01-04T04:49:00
S01171,C0055,P0019,2025-05-21T02:31:00
S01172,C0006,P0029,2025-03-22T05:59:00
S01173,C0018,P0010,2025-01-18T08:36:00
S01174,C0023,P0022,2025-01-23T02:11:00
S01175,C0045,P0029,2025-03-08T15:16:00
S01176,C0048,P0028,2025-06-16T04:07:00
S01177,C0036,P0031,2025-01-11T11:54:00
S01178,C0018,P0025,2025-04-15T19:58:00
S01179,C0043,P0008,2025-04-23T11:32:00
S01180,C0054,P0039,2025-03-22T11:05:00
S01181,C0043,P0026,2025-05-10T14:16:00
S01182,C0056,P0002,2025-06-08T20:03:00
S01183,C0047,P0015,2025-05-24T00:09:00
S01184,C0054,P0006,2025-03-16T12:10:00
S01185,C0036,P0025,2025-01-19T07:24:00
S01186,C0055,P0029,2025-01-24T11:29:00
S01187,C0029,P0034,2025-04-30T03:05:00
S01188,C0011,P0006,2025-04-12T13:12:00
S01189,C0025,P0021,2025-01-17T10:21:00
S01190,C0038,P0031,2025-02-24T22:47:00
S01191,C0030,P0007,2025-03-13T14:02:00
S01192,C0034,P0009,2025-05-01T04:40:00
S01193,C0013,P0020,2025-05-26T01:38:00
S01194,C0049,P0024,2025-01-16T11:50:00
S01195,C0027,P0030,2025-02-24T01:13:00
S01196,C0055,P0001,2025-04-19T08:16:00
S01197,C0040,P0011,2025-01-22T04:04:00
S01198,C0017,P0025,2025-01-21T09:55:00
S01199,C0045,P0028,2025-04-18T16:13:00
S01200,C0042,P0016,2025-02-17T01:05:00
S01201,C0057,P0027,2025-03-29T09:10:00
S01202,C0012,P0022,2025-04-18T15:30:00
S01203,C0034,P0010,2025-04-22T11:58:00
S01204,C0044,P0036,2025-04-10T00:35:00
S01205,C0050,P0038,2025-02-20T02:46:00
S01206,C0042,P0037,2025-06-07T04:20:00
S01207,C0042,P0020,2025-01-04T04:57:00
S01208,C0029,P0009,2025-05-08T10:07:00
S01209,C0050,P0026,2025-03-09T16:46:00
S01210,C0000,P0028,2025-02-02T20:28:00
S01211,C0040,P0037,2025-01-25T01:13:00
S01212,C0047,P0012,2025-04-18T22:34:00
S01213,C0049,P0010,2025-06-03T12:13:00
S01214,C0022,P0013,2025-02-18T21:36:00
S01215,C0000,P0023,2025-04-04T00:19:00
S01216,C0057,P0019,2025-05-09T03:44:00
S01217,C0031,P0029,2025-04-16T13:22:00
S01218,C0022,P0034,2025-04-20T16:48:00
S01219,C0021,P0007,2025-02-15T14:27:00
S01220,C0023,P0011,2025-05-22T19:10:00
S01221,C0034,P0027,2025-04-08T09:54:00
S01222,C0042,P0027,2025-06-12T09:44:00
S01223,C0039,P0006,2025-01-23T03:05:00
S01224,C0041,P0001,2025-06-07T13:06:00
S01225,C0031,P0039,2025-05-20T03:40:00
S01226,C0028,P0032,2025-05-29T01:42:00
S01227,C0018,P0026,2025-02-24T07:49:00
S01228,C0029,P0035,2025-04-08T03:12:00
S01229,C0054,P0030,2025-02-01T11:50:00
S01230,C0058,P0029,2025-04-16T20:45:00
S01231,C0050,P0025,2025-01-02T11:50:00
S01232,C0014,P0032,2025-03-14T08:56:00
S01233,C0042,P0016,2025-03-20T13:43:00
S01234,C0015,P0000,2025-04-17T01:00:00
S01235,C0001,P0009,2025-04-06T16:52:00
S01236,C0047,P0038,2025-03-23T10:10:00
S01237,C0036,P0027,2025-03-03T17:25:00
S01238,C0012,P0039,2025-06-14T12:53:00
S01239,C0003,P0036,2025-04-20T04:40:00
S01240,C0024,P0011,2025-04-14T10:33:00
S01241,C0010,P0027,2025-03-01T03:45:00
S01242,C0051,P0008,2025-05-10T03:40:00
S01243,C0036,P0025,2025-06-10T08:53:00
S01244,C0035,P0010,2025-03-24T06:05:00
S01245,C0005,P0001,2025-04-22T00:40:00
S01246,C0049,P0037,2025-02-09T00:39:00
S01247,C0045,P0034,2025-01-21T18:24:00
S01248,C0001,P0008,2025-04-27T20:40:00
S01249,C0049,P0022,2025-02-17T07:41:00
S01250,C0057,P0014,2025-03-18T06:34:00
S01251,C0053,P0015,2025-04-07T08:42:00
S01252,C0003,P0017,2025-01-22T04:40:00
S01253,C0001,P0037,2025-01-27T03:29:00
S01254,C0059,P0038,2025-02-01T03:09:00
S01255,C0018,P0016,2025-02-16T02:04:00
S01256,C0031,P0023,2025-02-23T12:06:00
S01257,C0031,P0001,2025-04-16T02:31:00
S01258,C0040,P0004,2025-02-23T21:26:00
S01259,C0024,P0020,2025-06-12T14:51:00
S01260,C0010,P0011,2025-03-18T00:57:00
S01261,C0011,P0036,2025-06-11T19:54:00
S01262,C0002,P0007,2025-03-29T11:30:00
S01263,C0039,P0038,2025-05-20T00:10:00
S01264,C0033,P0016,2025-02-01T06:38:00
S01265,C0001,P0034,2025-01-06T16:32:00
S01266,C0048,P0009,2025-02-25T11:07:00
S01267,C0057,P0013,2025-01-08T10:08:00
S01268,C0014,P0005,2025-02-02T08:17:00
S01269,C0030,P0012,2025-01-24T11:45:00
S01270,C0035,P0018,2025-04-30T23:51:00
S01271,C0031,P0027,2025-05-12T12:59:00
S01272,C0012,P0016,2025-02-14T06:43:00
S01273,C0054,P0017,2025-04-11T03:37:00
S01274,C0050,P0037,2025-03-21T05:50:00
S01275,C0013,P0031,2025-04-21T14:27:00
S01276,C0038,P0017,2025-03-23T19:06:00
S01277,C0038,P0024,2025-04-20T06:36:00
S01278,C0022,P0023,2025-06-11T02:28:00
S01279,C0010,P0002,2025-05-11T08:37:00
S01280,C0026,P0018,2025-06-04T20:33:00
S01281,C0022,P0025,2025-01-08T03:11:00
S01282,C0051,P0020,2025-04-20T05:22:00
S01283,C0015,P0004,2025-02-25T21:23:00
S01284,C0023,P0009,2025-03-22T03:00:00
S01285,C0020,P0000,2025-03-26T06:29:00
S01286,C0036,P0020,2025-03-01T17:04:00
S01287,C0024,P0018,2025-06-04T06:33:00
S01288,C0013,P0006,2025-05-24T08:45:00
S01289,C0038,P0004,2025-05-27T20:26:00
S01290,C0043,P0027,2025-03-23T10:12:00
S01291,C0012,P0003,2025-05-07T15:02:00
S01292,C0017,P0026,2025-01-31T03:28:00
S01293,C0010,P0038,2025-03-25T18:24:00
S01294,C0015,P0036,2025-01-06T09:01:00
S01295,C0041,P0036,2025-01-02T14:18:00
S01296,C0008,P0025,2025-01-10T17:58:00
S01297,C0033,P0002,2025-03-28T20:01:00
S01298,C0004,P0030,2025-01-25T13:46:00
S01299,C0019,P0017,2025-03-23T11:25:00
S01300,C0005,P0035,2025-03-22T15:39:00
S01301,C0003,P0025,2025-03-18T22:29:00
S01302,C0031,P0007,2025-04-06T19:06:00
S01303,C0001,P0014,2025-01-13T00:08:00
S01304,C0006,P0020,2025-04-22T07:10:00
S01305,C0005,P0012,2025-04-05T17:00:00
S01306,C0059,P0003,2025-03-08T01:07:00
S01307,C0003,P0019,2025-01-20T08:21:00
S01308,C0044,P0039,2025-04-08T08:44:00
S01309,C0010,P0008,2025-05-30T14:07:00
S01310,C0008,P0020,2025-02-07T18:56:00
S01311,C0054,P0026,2025-06-13T14:42:00
S01312,C0007,P0033,2025-05-16T07:36:00
S01313,C0030,P0031,2025-03-13T10:49:00
S01314,C0046,P0030,2025-02-27T02:16:00
S01315,C0049,P0018,2025-01-22T11:35:00
S01316,C0053,P0015,2025-06-18T20:47:00
S01317,C0054,P0013,2025-01-20T02:31:00
S01318,C0003,P0013,2025-01-04T21:13:00
S01319,C0029,P0024,2025-02-18T15:06:00
S01320,C0021,P0013,2025-06-01T16:32:00
S01321,C0054,P0020,2025-03-21T22:29:00
S01322,C0041,P0009,2025-05-10T03:58:00
S01323,C0008,P0014,2025-04-04T12:28:00
S01324,C0055,P0039,2025-05-12T06:49:00
S01325,C0025,P0012,2025-01-18T08:27:00
S01326,C0010,P0019,2025-05-28T20:06:00
S01327,C0009,P0029,2025-01-28T23:07:00
S01328,C0015,P0001,2025-04-28T05:17:00
S01329,C0001,P0030,2025-06-19T16:28:00
S01330,C0022,P0016,2025-01-31T17:05:00
S01331,C0022,P0027,2025-02-24T04:25:00
S01332,C0032,P0027,2025-05-11T10:03:00
S01333,C0028,P0017,2025-04-05T03:03:00
S01334,C0041,P0024,2025-04-19T06:18:00
S01335,C0012,P0025,2025-02-15T19:17:00
S01336,C0033,P0038,2025-05-07T16:27:00
S01337,C0006,P0003,2025-06-15T07:07:00
S01338,C0014,P0007,2025-01-14T01:36:00
S01339,C0017,P0015,2025-01-17T17:06:00
S01340,C0017,P0014,2025-06-08T22:45:00
S01341,C0025,P0025,2025-04-11T03:14:00
S01342,C0046,P0017,2025-05-07T06:10:00
S01343,C0050,P0013,2025-03-30T20:18:00
S01344,C0045,P0038,2025-03-15T23:00:00
S01345,C0006,P0011,2025-05-09T22:39:00
S01346,C0030,P0019,2025-03-03T05:20:00
S01347,C0043,P0004,2025-02-12T05:21:00
S01348,C0057,P0029,2025-02-06T00:42:00
S01349,C0030,P0027,2025-03-27T00:11:00
S01350,C0016,P0004,2025-02-13T21:48:00
S01351,C0054,P0000,2025-06-02T11:30:00
S01352,C0037,P0000,2025-05-06T07:30:00
S01353,C0007,P0002,2025-01-05T18:43:00
S01354,C0018,P0014,2025-05-15T16:10:00
S01355,C0048,P0009,2025-01-25T03:19:00
S01356,C0051,P0021,2025-04-26T15:47:00
S01357,C0022,P0034,2025-03-07T21:31:00
S01358,C0016,P0023,2025-04-28T00:52:00
S01359,C0022,P0019,2025-03-27T16:49:00
S01360,C0042,P0038,2025-05-04T03:17:00
S01361,C0043,P0033,2025-06-13T00:09:00
S01362,C0026,P0014,2025-06-18T04:22:00
S01363,C0031,P0001,2025-03-04T18:47:00
S01364,C0044,P0027,2025-04-03T06:47:00
S01365,C0005,P0012,2025-04-07T20:06:00
S01366,C0017,P0034,2025-04-26T16:11:00
S01367,C0016,P0022,2025-03-26T12:37:00
S01368,C0026,P0017,2025-03-21T06:02:00
S01369,C0037,P0033,2025-03-29T19:07:00
S01370,C0027,P0029,2025-05-26T11:18:00
S01371,C0007,P0000,2025-05-08T21:09:00
S01372,C0029,P0009,2025-05-14T09:39:00
S01373,C0035,P0010,2025-03-19T15:18:00
S01374,C0004,P0018,2025-01-04T14:02:00
S01375,C0013,P0018,2025-06-01T03:03:00
S01376,C0031,P0019,2025-01-02T13:22:00
S01377,C0042,P0000,2025-01-13T08:08:00
S01378,C0022,P0018,2025-05-09T21:49:00
S01379,C0035,P0009,2025-01-23T22:17:00
S01380,C0009,P0012,2025-04-21T18:58:00
S01381,C0005,P0018,2025-02-26T01:30:00
S01382,C0059,P0022,2025-03-05T21:40:00
S01383,C0024,P0027,2025-04-13T03:57:00
S01384,C0016,P0019,2025-06-02T09:11:00
S01385,C0036,P0027,2025-03-24T18:08:00
S01386,C0043,P0012,2025-03-06T04:26:00
S01387,C0035,P0012,2025-03-19T09:05:00
S01388,C0019,P0036,2025-06-10T14:34:00
S01389,C0011,P0024,2025-04-22T03:08:00
S01390,C0033,P0028,2025-03-22T16:59:00
S01391,C0043,P0022,2025-04-30T11:27:00
S01392,C0029,P0026,2025-04-16T14:01:00
S01393,C0058,P0035,2025-01-07T13:05:00
S01394,C0048,P0008,2025-06-07T09:50:00
S01395,C0015,P0037,2025-05-12T11:08:00
S01396,C0039,P0034,2025-05-25T09:03:00
S01397,C0048,P0025,2025-02-02T12:42:00
S01398,C0000,P0029,2025-05-13T14:53:00
S01399,C0003,P0005,2025-01-15T08:53:00
S01400,C0041,P0006,2025-03-27T19:06:00
S01401,C0052,P0018,2025-05-25T15:44:00
S01402,C0021,P0003,2025-02-01T23:37:00
S01403,C0043,P0032,2025-01-14T22:13:00
S01404,C0033,P0009,2025-05-24T23:31:00
S01405,C0008,P0014,2025-06-13T04:19:00
S01406,C0040,P0019,2025-01-02T15:39:00
S01407,C0044,P0012,2025-01-30T02:00:00
S01408,C0009,P0038,2025-01-31T16:06:00
S01409,C0015,P0013,2025-01-27T15:01:00
S01410,C0053,P0032,2025-04-24T12:03:00
S01411,C0059,P0007,2025-03-18T12:30:00
S01412,C0011,P0015,2025-05-20T08:52:00
S01413,C0039,P0028,2025-06-18T19:07:00
S01414,C0027,P0009,2025-06-12T00:11:00
S01415,C0009,P0015,2025-02-13T16:47:00
S01416,C0044,P0034,2025-02-21T15:30:00
S01417,C0018,P0018,2025-06-20T03:37:00
S01418,C0031,P0023,2025-06-20T08:25:00
S01419,C0024,P0006,2025-04-29T13:52:00
S01420,C0027,P0009,2025-01-08T09:29:00
S01421,C0007,P0036,2025-04-10T00:37:00
S01422,C0019,P0002,2025-06-15T20:57:00
S01423,C0042,P0039,2025-04-24T01:58:00
S01424,C0058,P0022,2025-02-05T14:56:00
S01425,C0046,P0029,2025-03-12T00:10:00
S01426,C0022,P0032,2025-05-09T06:22:00
S01427,C0057,P0033,2025-04-10T16:04:00
S01428,C0011,P0009,2025-04-01T20:46:00
S01429,C0036,P0021,2025-04-28T22:54:00
S01430,C0050,P0008,2025-03-13T21:19:00
S01431,C0059,P0025,2025-01-18T20:30:00
S01432,C0024,P0030,2025-06-05T21:11:00
S01433,C0036,P0032,2025-06-18T16:16:00
S01434,C0008,P0020,2025-05-31T18:22:00
S01435,C0037,P0039,2025-04-14T02:02:00
S01436,C0001,P0010,2025-03-01T03:42:00
S01437,C0006,P0031,2025-05-02T10:48:00
S01438,C0014,P0015,2025-01-27T05:46:00
S01439,C0057,P0024,2025-04-18T02:03:00
S01440,C0039,P0016,2025-01-30T01:54:00
S01441,C0047,P0004,2025-04-24T11:38:00
S01442,C0040,P0001,2025-02-14T10:06:00
S01443,C0044,P0028,2025-04-07T04:40:00
S01444,C0036,P0035,2025-02-21T06:16:00
S01445,C0031,P0028,2025-03-15T07:12:00
S01446,C0047,P0010,2025-04-22T16:51:00
S01447,C0050,P0012,2025-01-23T18:01:00
S01448,C0040,P0006,2025-02-22T01:51:00
S01449,C0008,P0000,2025-04-03T13:36:00
S01450,C0034,P0004,2025-03-29T05:43:00
S01451,C0046,P0033,2025-05-08T06:53:00
S01452,C0013,P0036,2025-05-02T16:22:00
S01453,C0022,P0039,2025-05-24T04:51:00
S01454,C0004,P0028,2025-04-20T20:24:00
S01455,C0055,P0004,2025-05-26T02:08:00
S01456,C0050,P0033,2025-03-18T03:07:00
S01457,C0031,P0014,2025-01-14T19:34:00
S01458,C0021,P0001,2025-02-27T09:59:00
S01459,C0053,P0016,2025-04-10T22:22:00
S01460,C0004,P0010,2025-03-15T02:34:00
S01461,C0036,P0015,2025-05-13T19:32:00
S01462,C0019,P0025,2025-06-08T01:34:00
S01463,C0044,P0007,2025-05-30T15:59:00
S01464,C0058,P0016,2025-06-17T00:02:00
S01465,C0021,P0026,2025-03-08T06:21:00
S01466,C0056,P0003,2025-02-05T06:35:00
S01467,C0052,P0021,2025-06-19T01:15:00
S01468,C0031,P0004,2025-05-25T19:44:00
S01469,C0053,P0002,2025-03-30T02:26:00
S01470,C0038,P0039,2025-01-21T17:30:00
S01471,C0008,P0017,2025-01-11T03:02:00
S01472,C0031,P0032,2025-02-27T20:22:00
S01473,C0027,P0030,2025-03-19T07:01:00
S01474,C0059,P0003,2025-01-07T06:34:00
S01475,C0038,P0024,2025-01-05T17:30:00
S01476,C0003,P0024,2025-04-07T22:08:00
S01477,C0027,P0027,2025-05-21T04:07:00
S01478,C0028,P0007,2025-06-07T11:22:00
S01479,C0012,P0021,2025-04-22T01:15:00
S01480,C0014,P0005,2025-05-31T00:14:00
S01481,C0026,P0034,2025-05-26T01:51:00
S01482,C0000,P0015,2025-01-15T02:03:00
S01483,C0008,P0028,2025-02-16T09:02:00
S01484,C0020,P0022,2025-06-04T20:56:00
S01485,C0015,P0018,2025-02-03T19:25:00
S01486,C0030,P0007,2025-06-18T02:04:00
S01487,C0016,P0034,2025-02-22T15:45:00
S01488,C0047,P0022,2025-02-26T14:45:00
S01489,C0019,P0023,2025-05-22T09:55:00
S01490,C0041,P0015,2025-05-15T08:20:00
S01491,C0044,P0034,2025-05-09T03:03:00
S01492,C0022,P0026,2025-06-09T15:17:00
S01493,C0005,P0013,2025-02-05T16:14:00
S01494,C0019,P0035,2025-02-23T03:23:00
S01495,C0046,P0009,2025-01-10T07:44:00
S01496,C0028,P0029,2025-01-30T00:31:00
S01497,C0053,P0002,2025-03-11T08:37:00
S01498,C0024,P0019,2025-01-22T01:17:00
S01499,C0054,P0039,2025-04-09T15:01:00
S01500,C0055,P0024,2025-04-09T14:02:00
S01501,C0014,P0013,2025-04-08T05:42:00
S01502,C0027,P0034,2025-01-14T21:19:00
S01503,C0002,P0034,2025-03-31T00:58:00
S01504,C0038,P0021,2025-03-09T18:13:00
S01505,C0048,P0001,2025-03-29T23:53:00
S01506,C0039,P0027,2025-04-20T23:59:00
S01507,C0047,P0003,2025-01-28T17:24:00
S01508,C0046,P0018,2025-05-17T14:27:00
S01509,C0036,P0036,2025-05-13T08:10:00
S01510,C0024,P0029,2025-03-02T04:58:00
S01511,C0000,P0017,2025-03-12T02:15:00
S01512,C0049,P0034,2025-03-17T10:36:00
S01513,C0025,P0002,2025-06-07T08:23:00
S01514,C0017,P0016,2025-06-17T19:00:00
S01515,C0007,P0019,2025-05-26T21:20:00
S01516,C0053,P0016,2025-02-15T14:29:00
S01517,C0001,P0028,2025-01-03T14:02:00
S01518,C0022,P0030,2025-06-13T17:13:00
S01519,C0026,P0003,2025-05-29T02:17:00
S01520,C0057,P0039,2025-05-22T10:04:00
S01521,C0028,P0011,2025-03-08T08:16:00
S01522,C0055,P0031,2025-02-02T07:40:00
S01523,C0011,P0009,2025-06-08T20:03:00
S01524,C0014,P0007,2025-06-17T01:11:00
S01525,C0043,P0032,2025-04-23T18:20:00
S01526,C0002,P0035,2025-02-28T01:45:00
S01527,C0016,P0016,2025-01-05T21:54:00
S01528,C0054,P0022,2025-05-19T22:02:00
S01529,C0038,P0015,2025-03-31T03:04:00
S01530,C0032,P0028,2025-01-29T16:04:00
S01531,C0015,P0013,2025-03-25T18:23:00
S01532,C0053,P0026,2025-01-19T20:27:00
S01533,C0056,P0018,2025-02-06T00:20:00
S01534,C0038,P0023,2025-03-27T13:57:00
S01535,C0041,P0023,2025-05-01T09:39:00
S01536,C0001,P0010,2025-04-05T01:18:00
S01537,C0059,P0009,2025-06-01T00:06:00
S01538,C0038,P0013,2025-03-22T16:45:00
S01539,C0049,P0032,2025-05-29T22:22:00
S01540,C0013,P0024,2025-05-30T01:42:00
S01541,C0046,P0009,2025-04-08T20:05:00
S01542,C0004,P0014,2025-05-25T16:36:00
S01543,C0040,P0035,2025-04-18T17:46:00
S01544,C0007,P0033,2025-01-14T19:30:00
S01545,C0042,P0033,2025-05-14T14:20:00
S01546,C0017,P0012,2025-05-28T09:58:00
S01547,C0015,P0021,2025-03-04T11:14:00
S01548,C0029,P0020,2025-01-30T22:15:00
S01549,C0028,P0026,2025-04-03T02:22:00
S01550,C0035,P0032,2025-01-20T11:41:00
S01551,C0030,P0038,2025-02-28T14:50:00
S01552,C0026,P0014,2025-05-26T04:59:00
S01553,C0034,P0015,2025-04-15T21:37:00
S01554,C0042,P0008,2025-06-05T08:50:00
S01555,C0018,P0021,2025-03-22T03:05:00
S01556,C0026,P0026,2025-05-10T04:36:00
S01557,C0031,P0012,2025-02-16T14:00:00
S01558,C0010,P0007,2025-04-18T08:48:00
S01559,C0035,P0030,2025-01-26T04:55:00
S01560,C0002,P0027,2025-01-07T22:10:00
S01561,C0004,P0008,2025-05-12T16:58:00
S01562,C0024,P0027,2025-04-01T04:25:00
S01563,C0044,P0035,2025-03-03T22:18:00
S01564,C0007,P0021,2025-03-28T18:38:00
S01565,C0039,P0006,2025-01-12T02:47:00
S01566,C0058,P0022,2025-04-25T13:40:00
S01567,C0028,P0027,2025-03-16T15:44:00
S01568,C0008,P0011,2025-05-31T16:05:00
S01569,C0009,P0000,2025-06-01T18:23:00
S01570,C0043,P0029,2025-04-08T10:28:00
S01571,C0011,P0032,2025-05-31T08:49:00
S01572,C0006,P0014,2025-03-18T15:21:00
S01573,C0003,P0036,2025-05-13T16:37:00
S01574,C0032,P0027,2025-03-15T10:24:00
S01575,C0020,P0011,2025-02-06T01:52:00
S01576,C0047,P0013,2025-04-21T16:17:00
S01577,C0036,P0039,2025-03-22T03:22:00
S01578,C0018,P0010,2025-01-31T09:17:00
S01579,C0031,P0028,2025-02-27T05:18:00
S01580,C0058,P0016,2025-06-05T03:59:00
S01581,C0014,P0017,2025-02-06T03:13:00
S01582,C0035,P0032,2025-02-13T00:38:00
S01583,C0057,P0002,2025-05-19T17:51:00
S01584,C0012,P0000,2025-05-06T00:23:00
S01585,C0013,P0018,2025-05-27T13:46:00
S01586,C0028,P0033,2025-02-02T14:18:00
S01587,C0058,P0007,2025-01-31T14:56:00
S01588,C0027,P0031,2025-03-09T02:55:00
S01589,C0008,P0017,2025-01-30T11:51:00
S01590,C0005,P0014,2025-01-20T10:10:00
S01591,C0032,P0021,2025-03-12T14:40:00
S01592,C0047,P0032,2025-01-19T22:44:00
S01593,C0020,P0002,2025-04-21T03:59:00
S01594,C0045,P0033,2025-03-23T06:53:00
S01595,C0035,P0002,2025-06-12T20:00:00
S01596,C0015,P0008,2025-05-31T12:55:00
S01597,C0014,P0012,2025-03-09T15:09:00
S01598,C0031,P0011,2025-05-08T09:08:00
S01599,C0012,P0005,2025-05-13T23:47:00
S01600,C0013,P0000,2025-04-22T02:31:00
S01601,C0035,P0039,2025-02-23T22:11:00
S01602,C0002,P0026,2025-03-09T19:24:00
S01603,C0040,P0037,2025-03-02T20:22:00
S01604,C0030,P0033,2025-06-18T05:56:00
S01605,C0019,P0014,2025-03-16T21:31:00
S01606,C0031,P0025,2025-06-03T11:34:00
S01607,C0030,P0018,2025-01-25T07:07:00
S01608,C0056,P0018,2025-04-18T14:20:00
S01609,C0015,P0027,2025-01-30T05:29:00
S01610,C0020,P0007,2025-03-30T22:25:00
S01611,C0045,P0008,2025-05-04T15:38:00
S01612,C0026,P0015,2025-01-08T09:17:00
S01613,C0032,P0013,2025-04-15T01:35:00
S01614,C0049,P0020,2025-03-08T21:20:00
S01615,C0026,P0025,2025-04-24T13:25:00
S01616,C0016,P0003,2025-03-10T15:46:00
S01617,C0014,P0021,2025-06-12T01:19:00
S01618,C0028,P0026,2025-02-26T18:56:00
S01619,C0010,P0034,2025-02-22T20:07:00
S01620,C0039,P0039,2025-03-26T04:38:00
S01621,C0034,P0001,2025-01-06T12:05:00
S01622,C0049,P0021,2025-04-01T17:04:00
S01623,C0041,P0003,2025-05-13T06:23:00
S01624,C0034,P0012,2025-02-10T17:25:00
S01625,C0055,P0014,2025-03-16T05:58:00
S01626,C0023,P0021,2025-04-16T06:35:00
S01627,C0046,P0015,2025-01-04T01:54:00
S01628,C0001,P0033,2025-01-27T16:25:00
S01629,C0050,P0031,2025-01-11T05:18:00
S01630,C0019,P0001,2025-02-28T20:49:00
S01631,C0044,P0015,2025-01-09T08:47:00
S01632,C0007,P0024,2025-06-17T12:08:00
S01633,C0052,P0017,2025-01-22T02:04:00
S01634,C0032,P0026,2025-01-06T00:47:00
S01635,C0053,P0034,2025-06-04T04:06:00
S01636,C0047,P0037,2025-04-11T06:53:00
S01637,C0038,P0019,2025-03-24T13:32:00
S01638,C0047,P0001,2025-03-19T08:29:00
S01639,C0012,P0006,2025-03-09T20:36:00
S01640,C0030,P0024,2025-03-16T13:05:00
S01641,C0014,P0026,2025-05-24T08:30:00
S01642,C0018,P0034,2025-05-10T07:24:00
S01643,C0001,P0031,2025-04-11T11:48:00
S01644,C0034,P0006,2025-04-26T07:36:00
S01645,C0001,P0025,2025-03-01T14:23:00
S01646,C0030,P0036,2025-01-28T20:19:00
S01647,C0021,P0009,2025-06-11T02:06:00
S01648,C0035,P0010,2025-02-23T15:37:00
S01649,C0015,P0005,2025-02-06T12:39:00
S01650,C0053,P0030,2025-05-14T23:53:00
S01651,C0036,P0014,2025-01-16T15:16:00
S01652,C0026,P0019,2025-03-28T04:02:00
S01653,C0020,P0036,2025-06-03T13:55:00
S01654,C0000,P0017,2025-02-23T17:50:00
S01655,C0031,P0034,2025-05-08T10:41:00
S01656,C0015,P0020,2025-04-29T22:30:00
S01657,C0032,P0035,2025-01-21T03:27:00
S01658,C0044,P0004,2025-04-07T04:48:00
S01659,C0000,P0010,2025-05-14T23:07:00
S01660,C0010,P0012,2025-04-23T03:02:00
S01661,C0056,P0027,2025-05-07T05:40:00
S01662,C0051,P0033,2025-05-05T04:47:00
S01663,C0055,P0035,2025-04-18T12:00:00
S01664,C0018,P0007,2025-04-22T09:46:00
S01665,C0059,P0017,2025-05-14T10:39:00
S01666,C0056,P0023,2025-05-25T20:10:00
S01667,C0009,P0018,2025-05-14T21:13:00
S01668,C0051,P0039,2025-04-06T16:38:00
S01669,C0016,P0030,2025-04-29T06:59:00
S01670,C0021,P0008,2025-02-12T16:45:00
S01671,C0053,P0030,2025-01-03T10:26:00
S01672,C0011,P0009,2025-05-01T02:00:00
S01673,C0019,P0012,2025-02-21T22:06:00
S01674,C0034,P0029,2025-03-26T03:03:00
S01675,C0039,P0029,2025-06-02T05:04:00
S01676,C0022,P0035,2025-02-27T11:40:00
S01677,C0000,P0012,2025-03-12T09:52:00
S01678,C0058,P0027,2025-05-30T23:19:00
S01679,C0023,P0039,2025-04-14T08:35:00
S01680,C0034,P0012,2025-01-20T18:09:00
S01681,C0006,P0013,2025-03-13T05:16:00
S01682,C0036,P0006,2025-02-02T16:37:00
S01683,C0041,P0024,2025-03-26T18:49:00
S01684,C0054,P0037,2025-06-04T08:51:00
S01685,C0047,P0039,2025-05-02T06:10:00
S01686,C0000,P0014,2025-02-25T02:59:00
S01687,C0051,P0039,2025-02-07T04:10:00
S01688,C0030,P0000,2025-03-24T02:57:00
S01689,C0003,P0008,2025-05-11T14:27:00
S01690,C0042,P0030,2025-03-25T09:32:00
S01691,C0048,P0007,2025-03-03T17:25:00
S01692,C0024,P0024,2025-05-02T11:19:00
S01693,C0053,P0033,2025-03-23T16:05:00
S01694,C0056,P0038,2025-02-24T05:40:00
S01695,C0053,P0017,2025-02-06T13:35:00
S01696,C0028,P0031,2025-03-06T21:07:00
S01697,C0035,P0027,2025-06-16T11:11:00
S01698,C0001,P0023,2025-04-30T21:22:00
S01699,C0046,P0027,2025-02-24T19:35:00
S01700,C0056,P0012,2025-04-08T11:11:00
S01701,C0059,P0000,2025-02-20T14:23:00
S01702,C0033,P0012,2025-01-02T18:19:00
S01703,C0021,P0006,2025-04-05T08:32:00
S01704,C0058,P0000,2025-06-05T08:02:00
S01705,C0041,P0017,2025-06-14T15:25:00
S01706,C0002,P0016,2025-03-12T20:03:00
S01707,C0036,P0001,2025-05-01T19:40:00
S01708,C0029,P0031,2025-02-14T15:47:00
S01709,C0055,P0034,2025-01-27T01:23:00
S01710,C0001,P0039,2025-02-09T22:47:00
S01711,C0011,P0008,2025-01-22T13:53:00
S01712,C0054,P0007,2025-01-15T14:40:00
S01713,C0045,P0003,2025-03-22T03:54:00
S01714,C0034,P0017,2025-02-19T20:39:00
S01715,C0047,P0001,2025-03-27T21:54:00
S01716,C0057,P0020,2025-02-13T18:46:00
S01717,C0023,P0033,2025-01-04T21:25:00
S01718,C0026,P0003,2025-01-17T06:52:00
S01719,C0048,P0032,2025-02-07T23:17:00
S01720,C0005,P0011,2025-04-24T01:17:00
S01721,C0038,P0012,2025-05-10T13:11:00
S01722,C0040,P0000,2025-03-21T08:35:00
S01723,C0022,P0007,2025-03-29T14:36:00
S01724,C0053,P0005,2025-05-25T14:05:00
S01725,C0007,P0005,2025-02-16T23:05:00
S01726,C0011,P0020,2025-06-01T20:01:00
S01727,C0049,P0010,2025-01-03T06:40:00
S01728,C0023,P0029,2025-01-21T23:15:00
S01729,C0019,P0012,2025-02-03T09:03:00
S01730,C0024,P0018,2025-02-15T08:08:00
S01731,C0036,P0020,2025-04-16T07:53:00
S01732,C0012,P0017,2025-02-21T05:18:00
S01733,C0016,P0028,2025-03-09T02:31:00
S01734,C0022,P0037,2025-04-04T11:49:00
S01735,C0041,P0033,2025-04-26T20:43:00
S01736,C0053,P0010,2025-01-10T18:24:00
S01737,C0009,P0034,2025-05-26T06:44:00
S01738,C0027,P0022,2025-06-15T21:50:00
S01739,C0018,P0013,2025-03-29T22:32:00
S01740,C0035,P0017,2025-01-24T16:49:00
S01741,C0013,P0016,2025-02-25T14:16:00
S01742,C0002,P0007,2025-05-13T21:40:00
S01743,C0011,P0030,2025-02-05T14:37:00
S01744,C0020,P0023,2025-05-25T12:42:00
S01745,C0037,P0002,2025-03-24T22:06:00
S01746,C0040,P0022,2025-01-03T05:26:00
S01747,C0030,P0021,2025-03-28T20:57:00
S01748,C0006,P0011,2025-04-02T09:10:00
S01749,C0029,P0034,2025-02-17T00:28:00
S01750,C0051,P0039,2025-04-27T18:36:00
S01751,C0044,P0027,2025-04-13T15:53:00
S01752,C0015,P0016,2025-04-06T19:21:00
S01753,C0030,P0025,2025-03-18T01:59:00
S01754,C0056,P0014,2025-05-10T03:26:00
S01755,C0027,P0017,2025-05-28T12:37:00
S01756,C0001,P0010,2025-05-12T05:59:00
S01757,C0019,P0038,2025-05-15T06:36:00
S01758,C0048,P0008,2025-02-03T21:21:00
S01759,C0050,P0003,2025-01-24T09:50:00
S01760,C0049,P0009,2025-03-30T14:25:00
S01761,C0010,P0029,2025-01-01T21:09:00
S01762,C0012,P0011,2025-03-19T09:05:00
S01763,C0011,P0015,2025-02-22T13:05:00
S01764,C0046,P0015,2025-02-09T21:35:00
S01765,C0054,P0023,2025-01-02T15:10:00
S01766,C0022,P0006,2025-05-01T17:43:00
S01767,C0025,P0013,2025-05-01T21:24:00
S01768,C0053,P0029,2025-03-04T03:24:00
S01769,C0008,P0020,2025-02-04T12:49:00
S01770,C0020,P0018,2025-04-19T19:25:00
S01771,C0034,P0004,2025-03-30T15:42:00
S01772,C0047,P0037,2025-01-07T07:56:00
S01773,C0038,P0011,2025-03-02T11:23:00
S01774,C0021,P0032,2025-01-01T19:38:00
S01775,C0048,P0025,2025-01-20T20:14:00
S01776,C0008,P0031,2025-02-18T01:13:00
S01777,C0019,P0027,2025-01-24T10:24:00
S01778,C0041,P0011,2025-04-19T04:18:00
S01779,C0019,P0024,2025-05-04T01:16:00
S01780,C0026,P0011,2025-02-11T12:43:00
S01781,C0033,P0006,2025-04-30T02:22:00
S01782,C0043,P0006,2025-06-17T12:51:00
S01783,C0051,P0000,2025-02-11T10:08:00
S01784,C0036,P0032,2025-04-09T21:29:00
S01785,C0000,P0031,2025-06-17T21:25:00
S01786,C0027,P0003,2025-03-19T13:16:00
S01787,C0047,P0007,2025-06-04T14:32:00
S01788,C0023,P0030,2025-03-27T17:23:00
S01789,C0007,P0011,2025-04-19T17:48:00
S01790,C0024,P0005,2025-02-08T00:21:00
S01791,C0059,P0037,2025-03-08T06:32:00
S01792,C0052,P0039,2025-04-27T13:03:00
S01793,C0029,P0018,2025-01-11T03:55:00
S01794,C0031,P0029,2025-04-04T01:56:00
S01795,C0038,P0023,2025-03-06T13:21:00
S01796,C0043,P0018,2025-01-07T17:17:00
S01797,C0011,P0018,2025-04-02T13:01:00
S01798,C0028,P0020,2025-03-18T20:02:00
S01799,C0038,P0007,2025-04-02T23:02:00
S01800,C0034,P0025,2025-03-05T05:05:00
S01801,C0034,P0006,2025-02-02T23:09:00
S01802,C0040,P0031,2025-04-21T08:22:00
S01803,C0029,P0039,2025-03-04T23:52:00
S01804,C0033,P0036,2025-04-28T01:04:00
S01805,C0020,P0023,2025-01-10T04:38:00
S01806,C0046,P0006,2025-04-08T16:46:00
S01807,C0005,P0021,2025-06-13T23:19:00
S01808,C0027,P0025,2025-01-06T05:47:00
S01809,C0016,P0005,2025-04-21T03:50:00
S01810,C0012,P0036,2025-03-08T09:39:00
S01811,C0032,P0034,2025-03-04T22:51:00
S01812,C0003,P0023,2025-05-27T15:13:00
S01813,C0048,P0027,2025-03-12T23:44:00
S01814,C0049,P0011,2025-03-12T16:42:00
S01815,C0002,P0038,2025-04-13T05:43:00
S01816,C0018,P0017,2025-01-02T13:13:00
S01817,C0001,P0026,2025-06-18T04:17:00
S01818,C0017,P0029,2025-06-03T20:20:00
S01819,C0006,P0014,2025-02-27T00:45:00
S01820,C0020,P0014,2025-01-17T19:18:00
S01821,C0046,P0038,2025-04-28T18:26:00
S01822,C0040,P0038,2025-03-26T17:24:00
S01823,C0030,P0035,2025-01-04T10:21:00
S01824,C0020,P0022,2025-04-24T04:29:00
S01825,C0054,P0031,2025-02-23T17:44:00
S01826,C0010,P0024,2025-03-07T12:02:00
S01827,C0042,P0036,2025-01-21T20:31:00
S01828,C0035,P0022,2025-01-22T06:47:00
S01829,C0033,P0023,2025-03-19T09:48:00
S01830,C0020,P0028,2025-04-30T00:09:00
S01831,C0039,P0037,2025-02-12T19:22:00
S01832,C0036,P0027,2025-04-17T00:48:00
S01833,C0018,P0035,2025-05-06T07:24:00
S01834,C0058,P0034,2025-02-03T12:38:00
S01835,C0054,P0007,2025-01-25T12:13:00
S01836,C0013,P0007,2025-05-27T09:11:00
S01837,C0055,P0010,2025-04-13T17:26:00
S01838,C0022,P0013,2025-04-18T19:17:00
S01839,C0020,P0023,2025-06-11T03:42:00
S01840,C0056,P0020,2025-05-09T17:34:00
S01841,C0025,P0014,2025-04-14T15:48:00
S01842,C0029,P0018,2025-04-26T05:59:00
S01843,C0055,P0011,2025-04-13T09:00:00
S01844,C0034,P0021,2025-04-29T20:11:00
S01845,C0043,P0006,2025-04-09T18:41:00
S01846,C0026,P0026,2025-04-16T06:40:00
S01847,C0001,P0039,2025-02-27T04:39:00
S01848,C0039,P0032,2025-01-21T19:36:00
S01849,C0046,P0026,2025-01-06T10:39:00
S01850,C0015,P0010,2025-05-26T20:30:00
S01851,C0043,P0005,2025-04-05T00:47:00
S01852,C0038,P0024,2025-05-22T16:55:00
S01853,C0012,P0010,2025-04-28T11:46:00
S01854,C0055,P0015,2025-02-14T15:59:00
S01855,C0045,P0012,2025-03-24T04:18:00
S01856,C0004,P0001,2025-02-22T18:29:00
S01857,C0029,P0015,2025-06-04T14:15:00
S01858,C0050,P0011,2025-04-29T16:41:00
S01859,C0007,P0038,2025-03-26T05:15:00
S01860,C0029,P0004,2025-01-02T23:02:00
S01861,C0043,P0026,2025-05-14T15:55:00
S01862,C0024,P0004,2025-04-17T08:56:00
S01863,C0045,P0034,2025-01-31T22:49:00
S01864,C0038,P0034,2025-01-07T14:30:00
S01865,C0052,P0003,2025-03-16T12:53:00
S01866,C0052,P0002,2025-04-04T12:45:00
S01867,C0059,P0032,2025-06-11T20:28:00
S01868,C0027,P0007,2025-01-27T04:54:00
S01869,C0016,P0037,2025-01-29T23:10:00
S01870,C0023,P0026,2025-06-18T10:09:00
S01871,C0058,P0015,2025-05-04T06:16:00
S01872,C0006,P0021,2025-06-14T22:04:00
S01873,C0029,P0031,2025-03-04T08:21:00
S01874,C0018,P0028,2025-03-26T14:44:00
S01875,C0016,P0036,2025-03-12T19:02:00
S01876,C0048,P0008,2025-02-07T16:18:00
S01877,C0001,P0014,2025-04-05T18:23:00
S01878,C0045,P0018,2025-03-20T22:10:00
S01879,C0036,P0019,2025-05-02T22:28:00
S01880,C0043,P0018,2025-02-09T23:51:00
S01881,C0044,P0008,2025-02-07T19:18:00
S01882,C0054,P0024,2025-03-07T20:14:00
S01883,C0001,P0013,2025-05-30T09:09:00
S01884,C0037,P0000,2025-03-08T11:46:00
S01885,C0032,P0033,2025-04-14T15:39:00
S01886,C0057,P0010,2025-03-30T20:09:00
S01887,C0037,P0032,2025-03-22T16:23:00
S01888,C0024,P0031,2025-06-15T05:55:00
S01889,C0033,P0030,2025-02-14T15:57:00
S01890,C0024,P0000,2025-01-17T10:14:00
S01891,C0019,P0013,2025-02-27T04:17:00
S01892,C0038,P0007,2025-06-16T06:22:00
S01893,C0031,P0029,2025-05-26T20:58:00
S01894,C0000,P0033,2025-02-28T23:12:00
S01895,C0023,P0002,2025-04-13T20:06:00
S01896,C0021,P0032,2025-01-18T08:35:00
S01897,C0034,P0034,2025-01-21T01:28:00
S01898,C0036,P0033,2025-03-05T07:16:00
S01899,C0051,P0011,2025-06-16T07:14:00
S01900,C0044,P0029,2025-02-15T01:38:00
S01901,C0017,P0035,2025-03-13T02:47:00
S01902,C0012,P0004,2025-02-03T16:19:00
S01903,C0003,P0013,2025-02-28T07:37:00
S01904,C0048,P0037,2025-05-03T14:06:00
S01905,C0034,P0003,2025-03-23T20:04:00
S01906,C0012,P0030,2025-01-30T14:05:00
S01907,C0030,P0012,2025-01-26T17:37:00
S01908,C0013,P0038,2025-05-05T09:36:00
S01909,C0000,P0037,2025-04-21T03:46:00
S01910,C0056,P0028,2025-06-14T06:37:00
S01911,C0051,P0039,2025-04-27T00:16:00
S01912,C0048,P0026,2025-06-03T08:31:00
S01913,C0040,P0011,2025-03-26T16:30:00
S01914,C0032,P0018,2025-06-15T09:16:00
S01915,C0055,P0034,2025-03-05T10:17:00
S01916,C0043,P0035,2025-05-09T09:40:00
S01917,C0028,P0007,2025-02-16T15:00:00
S01918,C0020,P0032,2025-05-01T15:10:00
S01919,C0011,P0004,2025-04-21T21:19:00
S01920,C0006,P0028,2025-03-29T20:43:00
S01921,C0034,P0011,2025-02-19T03:48:00
S01922,C0014,P0013,2025-03-20T16:19:00
S01923,C0020,P0033,2025-05-01T03:43:00
S01924,C0019,P0039,2025-02-23T18:43:00
S01925,C0009,P0020,2025-02-10T06:49:00
S01926,C0025,P0010,2025-02-10T19:42:00
S01927,C0010,P0020,2025-05-13T15:41:00
S01928,C0038,P0026,2025-03-10T07:59:00
S01929,C0016,P0030,2025-03-19T11:09:00
S01930,C0019,P0021,2025-04-01T23:20:00
S01931,C0028,P0019,2025-04-19T18:25:00
S01932,C0048,P0026,2025-01-02T12:03:00
S01933,C0026,P0022,2025-06-15T04:29:00
S01934,C0049,P0017,2025-01-05T22:12:00
S01935,C0013,P0016,2025-03-17T11:01:00
S01936,C0020,P0027,2025-04-08T10:35:00
S01937,C0035,P0012,2025-02-25T19:32:00
S01938,C0028,P0017,2025-01-28T02:15:00
S01939,C0010,P0020,2025-05-03T23:37:00
S01940,C0030,P0002,2025-06-18T12:44:00
S01941,C0058,P0031,2025-03-05T08:38:00
S01942,C0037,P0024,2025-01-16T03:03:00
S01943,C0040,P0021,2025-03-12T17:23:00
S01944,C0028,P0018,2025-01-29T15:08:00
S01945,C0056,P0004,2025-03-25T23:26:00
S01946,C0052,P0009,2025-02-08T18:19:00
S01947,C0036,P0012,2025-05-24T02:28:00
S01948,C0015,P0020,2025-05-27T17:48:00
S01949,C0042,P0016,2025-05-23T16:52:00
S01950,C0018,P0001,2025-02-05T02:55:00
S01951,C0050,P0020,2025-04-03T14:47:00
S01952,C0056,P0013,2025-02-17T10:29:00
S01953,C0014,P0029,2025-04-03T10:12:00
S01954,C0043,P0016,2025-03-07T19:47:00
S01955,C0059,P0001,2025-02-05T03:41:00
S01956,C0026,P0027,2025-04-12T15:51:00
S01957,C0003,P0033,2025-01-16T16:23:00
S01958,C0001,P0036,2025-04-22T01:32:00
S01959,C0055,P0020,2025-05-18T15:18:00
S01960,C0036,P0021,2025-06-12T02:47:00
S01961,C0004,P0036,2025-01-24T17:49:00
S01962,C0007,P0034,2025-02-10T16:54:00
S01963,C0054,P0005,2025-05-27T14:39:00
S01964,C0041,P0012,2025-01-19T21:27:00
S01965,C0052,P0017,2025-04-30T14:56:00
S01966,C0056,P0009,2025-06-16T10:04:00
S01967,C0011,P0036,2025-03-28T14:33:00
S01968,C0049,P0027,2025-01-06T12:36:00
S01969,C0018,P0000,2025-06-09T12:01:00
S01970,C0000,P0014,2025-03-24T13:09:00
S01971,C0016,P0014,2025-05-30T21:49:00
S01972,C0020,P0034,2025-04-28T20:42:00
S01973,C0012,P0036,2025-04-01T22:55:00
S01974,C0036,P0009,2025-02-18T04:13:00
S01975,C0019,P0011,2025-01-26T00:34:00
S01976,C0038,P0002,2025-02-02T17:22:00
S01977,C0004,P0020,2025-03-22T07:42:00
S01978,C0013,P0012,2025-03-19T05:27:00
S01979,C0017,P0014,2025-02-25T11:01:00
S01980,C0008,P0028,2025-02-01T12:01:00
S01981,C0028,P0013,2025-04-08T01:28:00
S01982,C0028,P0025,2025-02-20T06:49:00
S01983,C0024,P0037,2025-02-01T02:11:00
S01984,C0032,P0037,2025-05-13T03:10:00
S01985,C0048,P0013,2025-01-31T15:47:00
S01986,C0038,P0022,2025-03-23T13:12:00
S01987,C0013,P0005,2025-05-10T11:30:00
S01988,C0016,P0032,2025-01-29T14:01:00
S01989,C0000,P0024,2025-04-18T12:54:00
S01990,C0006,P0022,2025-04-03T09:53:00
S01991,C0004,P0027,2025-06-16T09:14:00
S01992,C0044,P0005,2025-06-16T20:51:00
S01993,C0024,P0030,2025-01-05T08:46:00
S01994,C0041,P0020,2025-01-12T04:54:00
S01995,C0015,P0011,2025-05-25T00:08:00
S01996,C0033,P0009,2025-02-05T22:30:00
S01997,C0048,P0002,2025-01-16T19:51:00
S01998,C0013,P0018,2025-04-06T19:26:00
S01999,C0052,P0010,2025-04-18T05:11:00
