transaction_id,customer_id,product_id,quantity,price,timestamp
T00000,C0006,P0000,1,237.0,2025-01-13T20:00:00
T00000,C0006,P0005,2,192.63,2025-01-13T20:00:00
T00000,C0006,P0015,2,54.28,2025-01-13T20:00:00
T00001,C0030,P0010,2,218.75,2025-02-24T12:00:00
T00002,C0000,P0018,2,164.22,2025-04-10T08:00:00
T00002,C0000,P0027,1,22.39,2025-04-10T08:00:00
T00003,C0012,P0037,1,234.2,2025-03-17T06:00:00
T00004,C0047,P0037,2,234.2,2025-03-22T01:00:00
T00005,C0032,P0032,1,22.36,2025-05-16T05:00:00
T00006,C0054,P0004,1,191.35,2025-02-17T02:00:00
T00006,C0054,P0015,1,54.28,2025-02-17T02:00:00
T00006,C0054,P0025,1,61.38,2025-02-17T02:00:00
T00007,C0039,P0036,1,37.42,2025-01-21T13:00:00
T00007,C0039,P0033,1,63.31,2025-01-21T13:00:00
T00007,C0039,P0020,1,131.81,2025-01-21T13:00:00
T00008,C0015,P0019,2,112.33,2025-03-09T12:00:00
T00009,C0020,P0039,1,120.8,2025-01-19T00:00:00
T00009,C0020,P0036,1,37.42,2025-01-19T00:00:00
T00010,C0034,P0008,1,139.7,2025-02-24T16:00:00
T00010,C0034,P0022,1,60.05,2025-02-24T16:00:00
T00011,C0023,P0034,1,168.9,2025-03-14T05:00:00
T00011,C0023,P0019,1,112.33,2025-03-14T05:00:00
T00012,C0059,P0016,1,81.37,2025-06-19T03:00:00
T00013,C0056,P0009,1,69.94,2025-01-28T23:00:00
T00013,C0056,P0017,1,248.81,2025-01-28T23:00:00
T00013,C0056,P0018,1,164.22,2025-01-28T23:00:00
T00014,C0043,P0031,1,215.61,2025-06-12T08:00:00
T00014,C0043,P0016,2,81.37,2025-06-12T08:00:00
T00014,C0043,P0003,1,21.96,2025-06-12T08:00:00
T00015,C0002,P0016,1,81.37,2025-01-01T10:00:00
T00016,C0047,P0035,1,57.49,2025-04-24T17:00:00
T00016,C0047,P0000,1,237.0,2025-04-24T17:00:00
T00017,C0056,P0023,1,87.83,2025-02-08T17:00:00
T00018,C0027,P0023,1,87.83,2025-02-02T01:00:00
T00018,C0027,P0002,1,124.07,2025-02-02T01:00:00
T00019,C0043,P0022,2,60.05,2025-03-05T21:00:00
T00020,C0039,P0011,2,108.67,2025-02-09T07:00:00
T00021,C0001,P0026,1,58.95,2025-02-15T23:00:00
T00021,C0001,P0015,1,54.28,2025-02-15T23:00:00
T00022,C0050,P0030,1,226.83,2025-01-28T12:00:00
T00023,C0012,P0014,1,183.83,2025-04-28T11:00:00
T00023,C0012,P0014,1,183.83,2025-04-28T11:00:00
T00024,C0025,P0017,1,248.81,2025-03-26T08:00:00
T00025,C0041,P0021,1,34.65,2025-05-11T12:00:00
T00025,C0041,P0007,1,121.44,2025-05-11T12:00:00
T00025,C0041,P0016,1,81.37,2025-05-11T12:00:00
T00026,C0006,P0020,1,131.81,2025-06-02T13:00:00
T00026,C0006,P0027,2,22.39,2025-06-02T13:00:00
T00027,C0057,P0002,1,124.07,2025-05-28T06:00:00
T00027,C0057,P0027,1,22.39,2025-05-28T06:00:00
T00028,C0023,P0039,1,120.8,2025-04-21T02:00:00
T00028,C0023,P0020,1,131.81,2025-04-21T02:00:00
T00029,C0032,P0020,1,131.81,2025-03-21T21:00:00
T00029,C0032,P0025,1,61.38,2025-03-21T21:00:00
T00030,C0012,P0011,1,108.67,2025-04-18T21:00:00
T00030,C0012,P0039,2,120.8,2025-04-18T21:00:00
T00031,C0035,P0013,1,137.13,2025-01-01T09:00:00
T00031,C0035,P0027,2,22.39,2025-01-01T09:00:00
T00032,C0028,P0032,2,22.36,2025-04-24T21:00:00
T00033,C0050,P0018,1,164.22,2025-02-13T21:00:00
T00034,C0005,P0014,1,183.83,2025-03-02T21:00:00
T00034,C0005,P0012,1,56.89,2025-03-02T21:00:00
T00035,C0002,P0004,1,191.35,2025-03-04T15:00:00
T00035,C0002,P0029,2,61.09,2025-03-04T15:00:00
T00035,C0002,P0026,2,58.95,2025-03-04T15:00:00
T00036,C0025,P0006,2,36.46,2025-03-04T04:00:00
T00037,C0014,P0029,1,61.09,2025-02-15T22:00:00
T00037,C0014,P0003,1,21.96,2025-02-15T22:00:00
T00037,C0014,P0035,2,57.49,2025-02-15T22:00:00
T00038,C0008,P0035,2,57.49,2025-04-29T21:00:00
T00038,C0008,P0038,2,144.91,2025-04-29T21:00:00
T00038,C0008,P0020,2,131.81,2025-04-29T21:00:00
T00039,C0057,P0028,1,159.62,2025-02-10T23:00:00
T00039,C0057,P0008,1,139.7,2025-02-10T23:00:00
T00040,C0049,P0017,2,248.81,2025-05-14T15:00:00
T00041,C0004,P0021,1,34.65,2025-03-15T07:00:00
T00041,C0004,P0006,1,36.46,2025-03-15T07:00:00
T00042,C0009,P0013,1,137.13,2025-03-01T12:00:00
T00043,C0026,P0029,1,61.09,2025-04-15T10:00:00
T00043,C0026,P0026,2,58.95,2025-04-15T10:00:00
T00043,C0026,P0003,2,21.96,2025-04-15T10:00:00
T00044,C0057,P0036,2,37.42,2025-05-30T22:00:00
T00045,C0030,P0024,1,149.14,2025-01-02T11:00:00
T00045,C0030,P0026,2,58.95,2025-01-02T11:00:00
T00046,C0014,P0001,1,25.99,2025-03-11T13:00:00
T00046,C0014,P0024,2,149.14,2025-03-11T13:00:00
T00047,C0046,P0039,1,120.8,2025-02-12T14:00:00
T00048,C0058,P0001,1,25.99,2025-04-11T18:00:00
T00048,C0058,P0005,2,192.63,2025-04-11T18:00:00
T00048,C0058,P0027,1,22.39,2025-04-11T18:00:00
T00049,C0003,P0013,1,137.13,2025-03-08T12:00:00
T00049,C0003,P0029,1,61.09,2025-03-08T12:00:00
T00050,C0048,P0016,2,81.37,2025-04-08T08:00:00
T00050,C0048,P0005,1,192.63,2025-04-08T08:00:00
T00051,C0047,P0014,1,183.83,2025-05-19T01:00:00
T00051,C0047,P0004,1,191.35,2025-05-19T01:00:00
T00052,C0015,P0009,2,69.94,2025-02-21T00:00:00
T00052,C0015,P0015,1,54.28,2025-02-21T00:00:00
T00052,C0015,P0008,1,139.7,2025-02-21T00:00:00
T00053,C0029,P0038,1,144.91,2025-03-07T11:00:00
T00054,C0049,P0037,1,234.2,2025-02-11T09:00:00
T00055,C0059,P0025,1,61.38,2025-03-21T18:00:00
T00055,C0059,P0012,1,56.89,2025-03-21T18:00:00
T00056,C0006,P0007,1,121.44,2025-03-19T21:00:00
T00056,C0006,P0036,2,37.42,2025-03-19T21:00:00
T00056,C0006,P0002,1,124.07,2025-03-19T21:00:00
T00057,C0004,P0000,2,237.0,2025-05-10T20:00:00
T00057,C0004,P0026,1,58.95,2025-05-10T20:00:00
T00058,C0027,P0009,1,69.94,2025-04-03T20:00:00
T00058,C0027,P0027,1,22.39,2025-04-03T20:00:00
T00059,C0039,P0027,1,22.39,2025-05-18T15:00:00
T00059,C0039,P0037,1,234.2,2025-05-18T15:00:00
T00060,C0054,P0028,2,159.62,2025-03-04T02:00:00
T00060,C0054,P0008,2,139.7,2025-03-04T02:00:00
T00061,C0021,P0011,1,108.67,2025-01-08T15:00:00
T00061,C0021,P0031,1,215.61,2025-01-08T15:00:00
T00062,C0051,P0038,1,144.91,2025-03-08T10:00:00
T00062,C0051,P0017,1,248.81,2025-03-08T10:00:00
T00063,C0005,P0031,1,215.61,2025-03-03T23:00:00
T00063,C0005,P0035,2,57.49,2025-03-03T23:00:00
T00064,C0041,P0005,1,192.63,2025-05-06T14:00:00
T00065,C0014,P0019,1,112.33,2025-04-14T22:00:00
T00066,C0030,P0027,1,22.39,2025-05-22T16:00:00
T00066,C0030,P0035,1,57.49,2025-05-22T16:00:00
T00067,C0044,P0016,1,81.37,2025-04-27T08:00:00
T00067,C0044,P0014,1,183.83,2025-04-27T08:00:00
T00068,C0020,P0011,2,108.67,2025-01-31T23:00:00
T00068,C0020,P0012,1,56.89,2025-01-31T23:00:00
T00068,C0020,P0013,1,137.13,2025-01-31T23:00:00
T00069,C0006,P0023,1,87.83,2025-02-19T09:00:00
T00070,C0019,P0008,1,139.7,2025-01-04T22:00:00
T00070,C0019,P0017,1,248.81,2025-01-04T22:00:00
T00070,C0019,P0002,1,124.07,2025-01-04T22:00:00
T00071,C0040,P0036,1,37.42,2025-05-06T03:00:00
T00072,C0030,P0011,1,108.67,2025-05-03T14:00:00
T00072,C0030,P0003,2,21.96,2025-05-03T14:00:00
T00073,C0007,P0004,1,191.35,2025-01-17T12:00:00
T00073,C0007,P0036,1,37.42,2025-01-17T12:00:00
T00074,C0009,P0015,1,54.28,2025-05-25T09:00:00
T00075,C0035,P0039,2,120.8,2025-04-17T19:00:00
T00075,C0035,P0014,2,183.83,2025-04-17T19:00:00
T00075,C0035,P0033,2,63.31,2025-04-17T19:00:00
T00076,C0019,P0036,1,37.42,2025-05-31T13:00:00
T00076,C0019,P0039,1,120.8,2025-05-31T13:00:00
T00077,C0048,P0016,1,81.37,2025-02-23T20:00:00
T00078,C0010,P0004,2,191.35,2025-03-03T05:00:00
T00078,C0010,P0010,2,218.75,2025-03-03T05:00:00
T00078,C0010,P0000,2,237.0,2025-03-03T05:00:00
T00079,C0018,P0018,1,164.22,2025-01-09T07:00:00
T00079,C0018,P0029,1,61.09,2025-01-09T07:00:00
T00080,C0059,P0012,1,56.89,2025-03-09T20:00:00
T00080,C0059,P0006,1,36.46,2025-03-09T20:00:00
T00080,C0059,P0006,1,36.46,2025-03-09T20:00:00
T00081,C0004,P0038,1,144.91,2025-01-16T05:00:00
T00081,C0004,P0036,2,37.42,2025-01-16T05:00:00
T00082,C0007,P0025,2,61.38,2025-04-30T22:00:00
T00082,C0007,P0017,2,248.81,2025-04-30T22:00:00
T00083,C0005,P0020,1,131.81,2025-06-03T01:00:00
T00083,C0005,P0038,1,144.91,2025-06-03T01:00:00
T00084,C0005,P0037,1,234.2,2025-02-28T21:00:00
T00084,C0005,P0001,1,25.99,2025-02-28T21:00:00
T00084,C0005,P0017,2,248.81,2025-02-28T21:00:00
T00085,C0033,P0011,2,108.67,2025-06-16T14:00:00
T00085,C0033,P0037,2,234.2,2025-06-16T14:00:00
T00086,C0005,P0021,1,34.65,2025-05-01T11:00:00
T00086,C0005,P0006,1,36.46,2025-05-01T11:00:00
T00087,C0021,P0018,1,164.22,2025-04-16T22:00:00
T00087,C0021,P0025,2,61.38,2025-04-16T22:00:00
T00088,C0005,P0007,1,121.44,2025-03-22T08:00:00
T00088,C0005,P0025,2,61.38,2025-03-22T08:00:00
T00089,C0026,P0023,2,87.83,2025-01-14T06:00:00
T00089,C0026,P0039,1,120.8,2025-01-14T06:00:00
T00089,C0026,P0031,1,215.61,2025-01-14T06:00:00
T00090,C0017,P0028,1,159.62,2025-05-21T04:00:00
T00090,C0017,P0031,1,215.61,2025-05-21T04:00:00
T00091,C0040,P0019,1,112.33,2025-06-05T07:00:00
T00092,C0035,P0007,2,121.44,2025-04-15T02:00:00
T00093,C0007,P0018,1,164.22,2025-06-15T04:00:00
T00093,C0007,P0032,2,22.36,2025-06-15T04:00:00
T00094,C0053,P0029,1,61.09,2025-05-04T15:00:00
T00095,C0024,P0008,2,139.7,2025-02-18T19:00:00
T00095,C0024,P0004,1,191.35,2025-02-18T19:00:00
T00095,C0024,P0017,1,248.81,2025-02-18T19:00:00
T00096,C0052,P0037,2,234.2,2025-01-01T09:00:00
T00096,C0052,P0037,1,234.2,2025-01-01T09:00:00
T00097,C0028,P0021,2,34.65,2025-05-18T15:00:00
T00097,C0028,P0006,2,36.46,2025-05-18T15:00:00
T00098,C0059,P0036,2,37.42,2025-03-24T06:00:00
T00099,C0014,P0030,2,226.83,2025-04-16T01:00:00
T00099,C0014,P0024,1,149.14,2025-04-16T01:00:00
T00100,C0031,P0037,2,234.2,2025-01-10T04:00:00
T00100,C0031,P0021,1,34.65,2025-01-10T04:00:00
T00100,C0031,P0006,2,36.46,2025-01-10T04:00:00
T00101,C0000,P0004,2,191.35,2025-02-06T13:00:00
T00102,C0050,P0025,2,61.38,2025-03-09T10:00:00
T00102,C0050,P0005,1,192.63,2025-03-09T10:00:00
T00102,C0050,P0021,2,34.65,2025-03-09T10:00:00
T00103,C0055,P0004,1,191.35,2025-05-19T01:00:00
T00103,C0055,P0015,1,54.28,2025-05-19T01:00:00
T00103,C0055,P0018,2,164.22,2025-05-19T01:00:00
T00104,C0006,P0028,1,159.62,2025-06-12T22:00:00
T00105,C0044,P0020,1,131.81,2025-03-18T00:00:00
T00106,C0018,P0009,2,69.94,2025-04-02T11:00:00
T00106,C0018,P0015,1,54.28,2025-04-02T11:00:00
T00107,C0010,P0024,2,149.14,2025-02-14T02:00:00
T00107,C0010,P0039,1,120.8,2025-02-14T02:00:00
T00107,C0010,P0015,1,54.28,2025-02-14T02:00:00
T00108,C0029,P0016,2,81.37,2025-06-13T08:00:00
T00108,C0029,P0000,1,237.0,2025-06-13T08:00:00
T00109,C0043,P0028,1,159.62,2025-05-20T05:00:00
T00110,C0037,P0016,1,81.37,2025-03-18T20:00:00
T00110,C0037,P0029,1,61.09,2025-03-18T20:00:00
T00111,C0024,P0024,1,149.14,2025-05-04T03:00:00
T00112,C0036,P0001,1,25.99,2025-03-17T22:00:00
T00112,C0036,P0025,1,61.38,2025-03-17T22:00:00
T00113,C0036,P0018,1,164.22,2025-01-13T19:00:00
T00113,C0036,P0014,1,183.83,2025-01-13T19:00:00
T00114,C0040,P0008,1,139.7,2025-02-18T19:00:00
T00114,C0040,P0006,1,36.46,2025-02-18T19:00:00
T00115,C0050,P0023,1,87.83,2025-04-23T01:00:00
T00115,C0050,P0008,1,139.7,2025-04-23T01:00:00
T00115,C0050,P0005,2,192.63,2025-04-23T01:00:00
T00116,C0011,P0023,1,87.83,2025-02-21T04:00:00
T00116,C0011,P0033,1,63.31,2025-02-21T04:00:00
T00116,C0011,P0032,1,22.36,2025-02-21T04:00:00
T00117,C0058,P0007,1,121.44,2025-05-04T09:00:00
T00117,C0058,P0029,1,61.09,2025-05-04T09:00:00
T00118,C0048,P0035,1,57.49,2025-02-27T21:00:00
T00118,C0048,P0023,2,87.83,2025-02-27T21:00:00
T00119,C0000,P0029,1,61.09,2025-03-09T17:00:00
T00120,C0043,P0023,1,87.83,2025-03-09T18:00:00
T00120,C0043,P0006,2,36.46,2025-03-09T18:00:00
T00121,C0001,P0039,1,120.8,2025-06-08T17:00:00
T00121,C0001,P0014,2,183.83,2025-06-08T17:00:00
T00122,C0058,P0007,1,121.44,2025-03-19T20:00:00
T00122,C0058,P0008,1,139.7,2025-03-19T20:00:00
T00123,C0019,P0015,1,54.28,2025-05-07T03:00:00
T00124,C0024,P0026,1,58.95,2025-04-27T11:00:00
T00124,C0024,P0029,2,61.09,2025-04-27T11:00:00
T00124,C0024,P0026,2,58.95,2025-04-27T11:00:00
T00125,C0017,P0013,2,137.13,2025-01-09T22:00:00
T00125,C0017,P0028,1,159.62,2025-01-09T22:00:00
T00126,C0054,P0034,1,168.9,2025-04-03T03:00:00
T00126,C0054,P0022,2,60.05,2025-04-03T03:00:00
T00127,C0017,P0005,1,192.63,2025-02-18T03:00:00
T00127,C0017,P0013,1,137.13,2025-02-18T03:00:00
T00128,C0050,P0036,1,37.42,2025-03-27T07:00:00
T00129,C0004,P0013,1,137.13,2025-05-22T06:00:00
T00129,C0004,P0014,1,183.83,2025-05-22T06:00:00
T00129,C0004,P0021,1,34.65,2025-05-22T06:00:00
T00130,C0054,P0016,1,81.37,2025-02-07T04:00:00
T00130,C0054,P0011,1,108.67,2025-02-07T04:00:00
T00130,C0054,P0007,1,121.44,2025-02-07T04:00:00
T00131,C0022,P0001,1,25.99,2025-03-02T18:00:00
T00131,C0022,P0011,1,108.67,2025-03-02T18:00:00
T00132,C0008,P0004,2,191.35,2025-04-18T16:00:00
T00133,C0028,P0006,1,36.46,2025-04-03T16:00:00
T00133,C0028,P0027,1,22.39,2025-04-03T16:00:00
T00133,C0028,P0027,2,22.39,2025-04-03T16:00:00
T00134,C0041,P0025,1,61.38,2025-01-08T01:00:00
T00134,C0041,P0027,2,22.39,2025-01-08T01:00:00
T00135,C0045,P0020,1,131.81,2025-04-24T02:00:00
T00136,C0004,P0037,2,234.2,2025-02-02T08:00:00
T00136,C0004,P0035,1,57.49,2025-02-02T08:00:00
T00136,C0004,P0020,2,131.81,2025-02-02T08:00:00
T00137,C0032,P0007,1,121.44,2025-06-04T13:00:00
T00138,C0027,P0021,2,34.65,2025-04-26T07:00:00
T00138,C0027,P0025,1,61.38,2025-04-26T07:00:00
T00139,C0020,P0023,2,87.83,2025-04-20T10:00:00
T00139,C0020,P0009,1,69.94,2025-04-20T10:00:00
T00140,C0005,P0006,1,36.46,2025-01-22T02:00:00
T00140,C0005,P0023,1,87.83,2025-01-22T02:00:00
T00141,C0037,P0007,1,121.44,2025-05-24T17:00:00
T00141,C0037,P0026,2,58.95,2025-05-24T17:00:00
T00142,C0055,P0019,1,112.33,2025-01-14T09:00:00
T00142,C0055,P0022,1,60.05,2025-01-14T09:00:00
T00142,C0055,P0006,2,36.46,2025-01-14T09:00:00
T00143,C0014,P0023,1,87.83,2025-01-28T11:00:00
T00143,C0014,P0007,2,121.44,2025-01-28T11:00:00
T00143,C0014,P0017,1,248.81,2025-01-28T11:00:00
T00144,C0038,P0001,1,25.99,2025-06-18T22:00:00
T00144,C0038,P0011,1,108.67,2025-06-18T22:00:00
T00145,C0058,P0011,1,108.67,2025-03-28T11:00:00
T00146,C0036,P0009,1,69.94,2025-06-18T12:00:00
T00147,C0005,P0026,1,58.95,2025-05-16T06:00:00
T00147,C0005,P0029,1,61.09,2025-05-16T06:00:00
T00148,C0019,P0005,1,192.63,2025-03-25T18:00:00
T00148,C0019,P0003,1,21.96,2025-03-25T18:00:00
T00148,C0019,P0009,1,69.94,2025-03-25T18:00:00
T00149,C0017,P0031,2,215.61,2025-04-24T21:00:00
T00149,C0017,P0038,2,144.91,2025-04-24T21:00:00
T00150,C0017,P0022,2,60.05,2025-02-25T16:00:00
T00151,C0007,P0031,1,215.61,2025-03-14T21:00:00
T00151,C0007,P0033,1,63.31,2025-03-14T21:00:00
T00151,C0007,P0019,2,112.33,2025-03-14T21:00:00
T00152,C0038,P0019,1,112.33,2025-01-15T00:00:00
T00153,C0049,P0020,1,131.81,2025-02-05T08:00:00
T00153,C0049,P0007,2,121.44,2025-02-05T08:00:00
T00154,C0047,P0024,1,149.14,2025-04-21T05:00:00
T00155,C0032,P0004,1,191.35,2025-05-24T21:00:00
T00155,C0032,P0025,2,61.38,2025-05-24T21:00:00
T00156,C0001,P0036,2,37.42,2025-04-28T02:00:00
T00156,C0001,P0027,2,22.39,2025-04-28T02:00:00
T00157,C0018,P0020,1,131.81,2025-01-30T12:00:00
T00158,C0051,P0005,1,192.63,2025-06-08T14:00:00
T00158,C0051,P0027,1,22.39,2025-06-08T14:00:00
T00159,C0027,P0005,1,192.63,2025-05-31T12:00:00
T00159,C0027,P0025,1,61.38,2025-05-31T12:00:00
T00159,C0027,P0019,1,112.33,2025-05-31T12:00:00
T00160,C0049,P0007,1,121.44,2025-02-13T02:00:00
T00160,C0049,P0033,1,63.31,2025-02-13T02:00:00
T00160,C0049,P0032,1,22.36,2025-02-13T02:00:00
T00161,C0046,P0006,1,36.46,2025-06-15T04:00:00
T00162,C0016,P0009,2,69.94,2025-02-20T05:00:00
T00162,C0016,P0004,2,191.35,2025-02-20T05:00:00
T00162,C0016,P0011,2,108.67,2025-02-20T05:00:00
T00163,C0043,P0020,2,131.81,2025-05-25T20:00:00
T00163,C0043,P0020,1,131.81,2025-05-25T20:00:00
T00163,C0043,P0009,2,69.94,2025-05-25T20:00:00
T00164,C0028,P0037,1,234.2,2025-06-11T09:00:00
T00164,C0028,P0003,1,21.96,2025-06-11T09:00:00
T00165,C0019,P0003,1,21.96,2025-04-29T14:00:00
T00166,C0053,P0039,2,120.8,2025-03-15T02:00:00
T00167,C0029,P0028,1,159.62,2025-05-29T17:00:00
T00168,C0020,P0009,1,69.94,2025-06-04T15:00:00
T00168,C0020,P0003,1,21.96,2025-06-04T15:00:00
T00168,C0020,P0028,1,159.62,2025-06-04T15:00:00
T00169,C0032,P0015,2,54.28,2025-06-15T05:00:00
T00170,C0028,P0010,1,218.75,2025-05-15T16:00:00
T00170,C0028,P0023,2,87.83,2025-05-15T16:00:00
T00170,C0028,P0023,2,87.83,2025-05-15T16:00:00
T00171,C0049,P0003,1,21.96,2025-03-28T21:00:00
T00171,C0049,P0021,2,34.65,2025-03-28T21:00:00
T00171,C0049,P0006,1,36.46,2025-03-28T21:00:00
T00172,C0016,P0021,1,34.65,2025-06-18T19:00:00
T00173,C0037,P0019,1,112.33,2025-06-19T04:00:00
T00173,C0037,P0025,1,61.38,2025-06-19T04:00:00
T00174,C0019,P0008,1,139.7,2025-05-24T12:00:00
T00174,C0019,P0033,2,63.31,2025-05-24T12:00:00
T00175,C0032,P0019,1,112.33,2025-04-03T00:00:00
T00175,C0032,P0011,1,108.67,2025-04-03T00:00:00
T00176,C0049,P0008,1,139.7,2025-05-05T06:00:00
T00177,C0004,P0034,1,168.9,2025-03-17T03:00:00
T00177,C0004,P0033,1,63.31,2025-03-17T03:00:00
T00177,C0004,P0002,2,124.07,2025-03-17T03:00:00
T00178,C0009,P0010,2,218.75,2025-02-11T05:00:00
T00178,C0009,P0028,1,159.62,2025-02-11T05:00:00
T00178,C0009,P0002,1,124.07,2025-02-11T05:00:00
T00179,C0028,P0014,1,183.83,2025-06-06T09:00:00
T00179,C0028,P0034,1,168.9,2025-06-06T09:00:00
T00180,C0051,P0036,2,37.42,2025-05-01T06:00:00
T00180,C0051,P0028,1,159.62,2025-05-01T06:00:00
T00181,C0049,P0026,1,58.95,2025-04-08T16:00:00
T00181,C0049,P0012,1,56.89,2025-04-08T16:00:00
T00181,C0049,P0008,2,139.7,2025-04-08T16:00:00
T00182,C0055,P0033,1,63.31,2025-04-06T17:00:00
T00183,C0018,P0028,2,159.62,2025-01-22T05:00:00
T00183,C0018,P0009,1,69.94,2025-01-22T05:00:00
T00184,C0058,P0001,1,25.99,2025-02-26T14:00:00
T00184,C0058,P0026,2,58.95,2025-02-26T14:00:00
T00185,C0032,P0005,1,192.63,2025-04-06T07:00:00
T00185,C0032,P0023,1,87.83,2025-04-06T07:00:00
T00186,C0020,P0009,1,69.94,2025-01-26T22:00:00
T00186,C0020,P0008,1,139.7,2025-01-26T22:00:00
T00187,C0058,P0030,2,226.83,2025-05-01T22:00:00
T00188,C0039,P0016,1,81.37,2025-01-02T02:00:00
T00189,C0053,P0033,1,63.31,2025-02-08T17:00:00
T00189,C0053,P0027,1,22.39,2025-02-08T17:00:00
T00189,C0053,P0007,1,121.44,2025-02-08T17:00:00
T00190,C0007,P0039,1,120.8,2025-01-13T07:00:00
T00190,C0007,P0029,1,61.09,2025-01-13T07:00:00
T00191,C0053,P0001,1,25.99,2025-05-08T19:00:00
T00191,C0053,P0032,1,22.36,2025-05-08T19:00:00
T00191,C0053,P0036,1,37.42,2025-05-08T19:00:00
T00192,C0027,P0015,1,54.28,2025-01-01T19:00:00
T00192,C0027,P0012,1,56.89,2025-01-01T19:00:00
T00193,C0033,P0034,1,168.9,2025-04-03T02:00:00
T00193,C0033,P0032,2,22.36,2025-04-03T02:00:00
T00193,C0033,P0032,2,22.36,2025-04-03T02:00:00
T00194,C0002,P0016,1,81.37,2025-06-12T12:00:00
T00194,C0002,P0001,1,25.99,2025-06-12T12:00:00
T00195,C0022,P0037,1,234.2,2025-03-03T23:00:00
T00196,C0008,P0021,2,34.65,2025-01-12T11:00:00
T00196,C0008,P0011,1,108.67,2025-01-12T11:00:00
T00196,C0008,P0029,1,61.09,2025-01-12T11:00:00
T00197,C0004,P0012,1,56.89,2025-04-28T01:00:00
T00197,C0004,P0006,1,36.46,2025-04-28T01:00:00
T00198,C0020,P0034,1,168.9,2025-03-21T16:00:00
T00198,C0020,P0030,1,226.83,2025-03-21T16:00:00
T00199,C0048,P0022,1,60.05,2025-06-15T06:00:00
T00199,C0048,P0003,1,21.96,2025-06-15T06:00:00
T00200,C0007,P0028,1,159.62,2025-04-05T13:00:00
T00200,C0007,P0024,1,149.14,2025-04-05T13:00:00
T00201,C0031,P0017,1,248.81,2025-05-08T11:00:00
T00201,C0031,P0027,1,22.39,2025-05-08T11:00:00
T00201,C0031,P0029,1,61.09,2025-05-08T11:00:00
T00202,C0006,P0019,2,112.33,2025-01-21T10:00:00
T00202,C0006,P0028,1,159.62,2025-01-21T10:00:00
T00203,C0044,P0002,2,124.07,2025-04-24T11:00:00
T00203,C0044,P0022,1,60.05,2025-04-24T11:00:00
T00204,C0040,P0023,1,87.83,2025-01-15T02:00:00
T00204,C0040,P0032,1,22.36,2025-01-15T02:00:00
T00205,C0009,P0002,1,124.07,2025-06-05T21:00:00
T00205,C0009,P0008,1,139.7,2025-06-05T21:00:00
T00206,C0049,P0024,1,149.14,2025-06-15T11:00:00
T00206,C0049,P0036,1,37.42,2025-06-15T11:00:00
T00207,C0043,P0028,1,159.62,2025-04-26T11:00:00
T00207,C0043,P0036,1,37.42,2025-04-26T11:00:00
T00208,C0025,P0015,1,54.28,2025-03-22T20:00:00
T00208,C0025,P0001,2,25.99,2025-03-22T20:00:00
T00209,C0033,P0016,1,81.37,2025-04-10T17:00:00
T00210,C0045,P0018,1,164.22,2025-04-25T06:00:00
T00210,C0045,P0031,1,215.61,2025-04-25T06:00:00
T00210,C0045,P0012,1,56.89,2025-04-25T06:00:00
T00211,C0028,P0005,1,192.63,2025-02-14T22:00:00
T00211,C0028,P0020,1,131.81,2025-02-14T22:00:00
T00212,C0035,P0010,1,218.75,2025-05-19T09:00:00
T00212,C0035,P0011,1,108.67,2025-05-19T09:00:00
T00213,C0007,P0031,1,215.61,2025-02-21T04:00:00
T00214,C0023,P0029,1,61.09,2025-05-22T18:00:00
T00214,C0023,P0035,1,57.49,2025-05-22T18:00:00
T00215,C0004,P0033,2,63.31,2025-03-21T12:00:00
T00215,C0004,P0026,1,58.95,2025-03-21T12:00:00
T00216,C0008,P0028,2,159.62,2025-03-23T20:00:00
T00217,C0043,P0035,1,57.49,2025-05-13T11:00:00
T00218,C0049,P0003,1,21.96,2025-02-03T13:00:00
T00218,C0049,P0033,1,63.31,2025-02-03T13:00:00
T00218,C0049,P0006,1,36.46,2025-02-03T13:00:00
T00219,C0059,P0018,1,164.22,2025-02-27T11:00:00
T00219,C0059,P0005,1,192.63,2025-02-27T11:00:00
T00219,C0059,P0016,1,81.37,2025-02-27T11:00:00
T00220,C0040,P0005,1,192.63,2025-03-19T19:00:00
T00220,C0040,P0032,1,22.36,2025-03-19T19:00:00
T00220,C0040,P0010,1,218.75,2025-03-19T19:00:00
T00221,C0053,P0005,1,192.63,2025-05-25T01:00:00
T00222,C0041,P0036,2,37.42,2025-05-28T08:00:00
T00223,C0039,P0034,1,168.9,2025-06-13T00:00:00
T00223,C0039,P0018,2,164.22,2025-06-13T00:00:00
T00224,C0015,P0004,1,191.35,2025-04-14T09:00:00
T00224,C0015,P0003,2,21.96,2025-04-14T09:00:00
T00225,C0026,P0021,1,34.65,2025-05-04T14:00:00
T00226,C0020,P0025,1,61.38,2025-03-23T23:00:00
T00226,C0020,P0008,1,139.7,2025-03-23T23:00:00
T00227,C0020,P0017,2,248.81,2025-03-03T14:00:00
T00228,C0015,P0018,2,164.22,2025-02-06T03:00:00
T00229,C0055,P0010,1,218.75,2025-06-07T13:00:00
T00230,C0059,P0012,2,56.89,2025-05-28T23:00:00
T00230,C0059,P0031,2,215.61,2025-05-28T23:00:00
T00231,C0056,P0005,2,192.63,2025-03-20T15:00:00
T00232,C0032,P0037,1,234.2,2025-04-28T07:00:00
T00233,C0003,P0038,1,144.91,2025-01-13T09:00:00
T00233,C0003,P0030,1,226.83,2025-01-13T09:00:00
T00234,C0054,P0016,1,81.37,2025-01-28T13:00:00
T00235,C0048,P0025,1,61.38,2025-04-14T11:00:00
T00236,C0036,P0035,1,57.49,2025-05-24T06:00:00
T00236,C0036,P0018,2,164.22,2025-05-24T06:00:00
T00237,C0032,P0039,1,120.8,2025-04-26T17:00:00
T00237,C0032,P0039,1,120.8,2025-04-26T17:00:00
T00238,C0006,P0035,1,57.49,2025-04-11T11:00:00
T00238,C0006,P0023,1,87.83,2025-04-11T11:00:00
T00239,C0038,P0002,1,124.07,2025-05-11T12:00:00
T00239,C0038,P0002,1,124.07,2025-05-11T12:00:00
T00239,C0038,P0002,2,124.07,2025-05-11T12:00:00
T00240,C0033,P0032,1,22.36,2025-04-27T04:00:00
T00240,C0033,P0008,1,139.7,2025-04-27T04:00:00
T00240,C0033,P0020,2,131.81,2025-04-27T04:00:00
T00241,C0039,P0032,2,22.36,2025-03-18T18:00:00
T00241,C0039,P0032,1,22.36,2025-03-18T18:00:00
T00242,C0030,P0007,1,121.44,2025-01-05T11:00:00
T00242,C0030,P0026,1,58.95,2025-01-05T11:00:00
T00243,C0038,P0036,2,37.42,2025-05-02T08:00:00
T00243,C0038,P0014,1,183.83,2025-05-02T08:00:00
T00243,C0038,P0003,2,21.96,2025-05-02T08:00:00
T00244,C0009,P0007,2,121.44,2025-03-04T01:00:00
T00244,C0009,P0012,1,56.89,2025-03-04T01:00:00
T00244,C0009,P0001,2,25.99,2025-03-04T01:00:00
T00245,C0009,P0026,2,58.95,2025-04-16T22:00:00
T00246,C0055,P0033,1,63.31,2025-01-16T22:00:00
T00247,C0035,P0033,1,63.31,2025-03-25T21:00:00
T00247,C0035,P0024,1,149.14,2025-03-25T21:00:00
T00248,C0029,P0022,1,60.05,2025-05-17T10:00:00
T00248,C0029,P0016,1,81.37,2025-05-17T10:00:00
T00248,C0029,P0012,1,56.89,2025-05-17T10:00:00
T00249,C0014,P0031,1,215.61,2025-03-18T09:00:00
T00250,C0030,P0018,2,164.22,2025-03-31T17:00:00
T00250,C0030,P0007,2,121.44,2025-03-31T17:00:00
T00251,C0052,P0002,1,124.07,2025-03-30T04:00:00
T00251,C0052,P0018,1,164.22,2025-03-30T04:00:00
T00252,C0059,P0030,1,226.83,2025-04-24T20:00:00
T00252,C0059,P0026,1,58.95,2025-04-24T20:00:00
T00253,C0008,P0015,1,54.28,2025-01-28T19:00:00
T00253,C0008,P0012,1,56.89,2025-01-28T19:00:00
T00253,C0008,P0033,1,63.31,2025-01-28T19:00:00
T00254,C0006,P0006,1,36.46,2025-04-16T10:00:00
T00254,C0006,P0008,1,139.7,2025-04-16T10:00:00
T00255,C0026,P0012,1,56.89,2025-06-17T15:00:00
T00255,C0026,P0018,1,164.22,2025-06-17T15:00:00
T00256,C0041,P0014,1,183.83,2025-01-16T02:00:00
T00256,C0041,P0034,2,168.9,2025-01-16T02:00:00
T00256,C0041,P0002,1,124.07,2025-01-16T02:00:00
T00257,C0059,P0011,1,108.67,2025-01-10T12:00:00
T00257,C0059,P0018,1,164.22,2025-01-10T12:00:00
T00258,C0019,P0021,1,34.65,2025-05-26T19:00:00
T00259,C0029,P0031,2,215.61,2025-06-14T17:00:00
T00259,C0029,P0008,1,139.7,2025-06-14T17:00:00
T00259,C0029,P0032,1,22.36,2025-06-14T17:00:00
T00260,C0051,P0029,1,61.09,2025-01-29T10:00:00
T00261,C0045,P0018,1,164.22,2025-02-17T00:00:00
T00261,C0045,P0036,1,37.42,2025-02-17T00:00:00
T00262,C0039,P0032,1,22.36,2025-06-13T12:00:00
T00262,C0039,P0020,2,131.81,2025-06-13T12:00:00
T00263,C0042,P0030,1,226.83,2025-01-25T05:00:00
T00264,C0059,P0024,2,149.14,2025-03-05T00:00:00
T00264,C0059,P0015,1,54.28,2025-03-05T00:00:00
T00265,C0021,P0000,1,237.0,2025-03-19T18:00:00
T00265,C0021,P0016,1,81.37,2025-03-19T18:00:00
T00265,C0021,P0023,1,87.83,2025-03-19T18:00:00
T00266,C0029,P0032,1,22.36,2025-03-20T05:00:00
T00266,C0029,P0019,1,112.33,2025-03-20T05:00:00
T00267,C0023,P0008,2,139.7,2025-06-07T07:00:00
T00268,C0009,P0023,2,87.83,2025-04-27T23:00:00
T00268,C0009,P0026,1,58.95,2025-04-27T23:00:00
T00268,C0009,P0035,1,57.49,2025-04-27T23:00:00
T00269,C0043,P0028,1,159.62,2025-06-02T02:00:00
T00269,C0043,P0008,1,139.7,2025-06-02T02:00:00
T00269,C0043,P0008,1,139.7,2025-06-02T02:00:00
T00270,C0036,P0020,2,131.81,2025-05-18T04:00:00
T00271,C0007,P0031,2,215.61,2025-02-22T22:00:00
T00271,C0007,P0005,1,192.63,2025-02-22T22:00:00
T00271,C0007,P0032,2,22.36,2025-02-22T22:00:00
T00272,C0008,P0036,2,37.42,2025-05-12T13:00:00
T00272,C0008,P0003,1,21.96,2025-05-12T13:00:00
T00273,C0046,P0000,1,237.0,2025-01-06T12:00:00
T00273,C0046,P0013,1,137.13,2025-01-06T12:00:00
T00274,C0027,P0034,1,168.9,2025-03-30T22:00:00
T00275,C0059,P0018,2,164.22,2025-01-18T15:00:00
T00276,C0011,P0023,2,87.83,2025-02-04T20:00:00
T00276,C0011,P0024,2,149.14,2025-02-04T20:00:00
T00277,C0024,P0008,1,139.7,2025-01-21T21:00:00
T00277,C0024,P0022,2,60.05,2025-01-21T21:00:00
T00277,C0024,P0007,1,121.44,2025-01-21T21:00:00
T00278,C0046,P0019,2,112.33,2025-02-27T00:00:00
T00279,C0043,P0024,2,149.14,2025-05-20T13:00:00
T00279,C0043,P0014,1,183.83,2025-05-20T13:00:00
T00279,C0043,P0015,1,54.28,2025-05-20T13:00:00
T00280,C0017,P0002,2,124.07,2025-02-18T23:00:00
T00281,C0039,P0004,1,191.35,2025-01-05T07:00:00
T00282,C0038,P0003,2,21.96,2025-01-09T14:00:00
T00282,C0038,P0006,1,36.46,2025-01-09T14:00:00
T00282,C0038,P0006,1,36.46,2025-01-09T14:00:00
T00283,C0048,P0018,1,164.22,2025-01-15T04:00:00
T00283,C0048,P0014,1,183.83,2025-01-15T04:00:00
T00283,C0048,P0036,1,37.42,2025-01-15T04:00:00
T00284,C0019,P0014,1,183.83,2025-02-06T21:00:00
T00284,C0019,P0026,1,58.95,2025-02-06T21:00:00
T00284,C0019,P0019,1,112.33,2025-02-06T21:00:00
T00285,C0040,P0003,1,21.96,2025-04-20T17:00:00
T00285,C0040,P0024,2,149.14,2025-04-20T17:00:00
T00286,C0026,P0011,2,108.67,2025-02-08T09:00:00
T00286,C0026,P0034,1,168.9,2025-02-08T09:00:00
T00287,C0054,P0029,1,61.09,2025-02-27T09:00:00
T00288,C0035,P0033,1,63.31,2025-04-16T13:00:00
T00288,C0035,P0008,1,139.7,2025-04-16T13:00:00
T00288,C0035,P0024,1,149.14,2025-04-16T13:00:00
T00289,C0021,P0023,1,87.83,2025-06-15T02:00:00
T00289,C0021,P0005,1,192.63,2025-06-15T02:00:00
T00290,C0017,P0038,1,144.91,2025-04-07T21:00:00
T00290,C0017,P0002,1,124.07,2025-04-07T21:00:00
T00290,C0017,P0004,2,191.35,2025-04-07T21:00:00
T00291,C0013,P0013,1,137.13,2025-03-27T09:00:00
T00292,C0047,P0015,2,54.28,2025-01-31T23:00:00
T00292,C0047,P0013,1,137.13,2025-01-31T23:00:00
T00293,C0035,P0029,1,61.09,2025-03-24T09:00:00
T00293,C0035,P0034,1,168.9,2025-03-24T09:00:00
T00294,C0016,P0029,2,61.09,2025-04-03T16:00:00
T00294,C0016,P0006,1,36.46,2025-04-03T16:00:00
T00295,C0058,P0026,1,58.95,2025-02-22T11:00:00
T00295,C0058,P0029,1,61.09,2025-02-22T11:00:00
T00296,C0001,P0037,1,234.2,2025-03-08T17:00:00
T00296,C0001,P0026,1,58.95,2025-03-08T17:00:00
T00296,C0001,P0018,1,164.22,2025-03-08T17:00:00
T00297,C0014,P0031,1,215.61,2025-04-08T18:00:00
T00298,C0016,P0029,1,61.09,2025-05-06T23:00:00
T00298,C0016,P0010,1,218.75,2025-05-06T23:00:00
T00299,C0008,P0034,1,168.9,2025-05-20T15:00:00
T00300,C0033,P0000,2,237.0,2025-01-09T02:00:00
T00301,C0008,P0009,1,69.94,2025-06-11T07:00:00
T00302,C0013,P0003,2,21.96,2025-05-10T14:00:00
T00302,C0013,P0039,2,120.8,2025-05-10T14:00:00
T00303,C0001,P0026,1,58.95,2025-01-02T17:00:00
T00303,C0001,P0029,1,61.09,2025-01-02T17:00:00
T00303,C0001,P0029,1,61.09,2025-01-02T17:00:00
T00304,C0032,P0006,1,36.46,2025-04-21T05:00:00
T00305,C0015,P0016,2,81.37,2025-02-19T19:00:00
T00305,C0015,P0022,1,60.05,2025-02-19T19:00:00
T00305,C0015,P0017,1,248.81,2025-02-19T19:00:00
T00306,C0025,P0014,1,183.83,2025-04-28T18:00:00
T00307,C0043,P0005,2,192.63,2025-01-21T20:00:00
T00308,C0024,P0003,1,21.96,2025-04-07T17:00:00
T00308,C0024,P0010,2,218.75,2025-04-07T17:00:00
T00309,C0054,P0036,1,37.42,2025-04-22T20:00:00
T00309,C0054,P0006,1,36.46,2025-04-22T20:00:00
T00310,C0013,P0002,1,124.07,2025-05-26T15:00:00
T00310,C0013,P0004,1,191.35,2025-05-26T15:00:00
T00311,C0011,P0037,1,234.2,2025-03-22T00:00:00
T00312,C0048,P0010,1,218.75,2025-04-12T02:00:00
T00312,C0048,P0036,2,37.42,2025-04-12T02:00:00
T00313,C0043,P0008,1,139.7,2025-05-19T10:00:00
T00313,C0043,P0005,1,192.63,2025-05-19T10:00:00
T00314,C0006,P0021,2,34.65,2025-04-22T07:00:00
T00315,C0049,P0028,1,159.62,2025-03-25T00:00:00
T00315,C0049,P0008,2,139.7,2025-03-25T00:00:00
T00316,C0027,P0024,1,149.14,2025-02-17T21:00:00
T00316,C0027,P0005,1,192.63,2025-02-17T21:00:00
T00316,C0027,P0039,1,120.8,2025-02-17T21:00:00
T00317,C0005,P0009,1,69.94,2025-03-10T04:00:00
T00317,C0005,P0024,1,149.14,2025-03-10T04:00:00
T00318,C0006,P0028,1,159.62,2025-01-24T00:00:00
T00318,C0006,P0008,1,139.7,2025-01-24T00:00:00
T00319,C0008,P0028,2,159.62,2025-01-23T05:00:00
T00319,C0008,P0008,1,139.7,2025-01-23T05:00:00
T00320,C0001,P0005,1,192.63,2025-01-23T11:00:00
T00320,C0001,P0038,2,144.91,2025-01-23T11:00:00
T00320,C0001,P0038,1,144.91,2025-01-23T11:00:00
T00321,C0018,P0035,1,57.49,2025-04-16T12:00:00
T00322,C0036,P0010,1,218.75,2025-05-14T05:00:00
T00322,C0036,P0008,1,139.7,2025-05-14T05:00:00
T00323,C0017,P0010,2,218.75,2025-05-07T04:00:00
T00324,C0017,P0004,1,191.35,2025-04-18T09:00:00
T00324,C0017,P0023,1,87.83,2025-04-18T09:00:00
T00325,C0046,P0039,1,120.8,2025-06-10T15:00:00
T00325,C0046,P0012,1,56.89,2025-06-10T15:00:00
T00325,C0046,P0029,1,61.09,2025-06-10T15:00:00
T00326,C0000,P0024,1,149.14,2025-04-12T10:00:00
T00326,C0000,P0021,2,34.65,2025-04-12T10:00:00
T00326,C0000,P0028,1,159.62,2025-04-12T10:00:00
T00327,C0019,P0030,1,226.83,2025-03-24T19:00:00
T00328,C0011,P0031,1,215.61,2025-04-12T10:00:00
T00328,C0011,P0036,1,37.42,2025-04-12T10:00:00
T00329,C0024,P0007,1,121.44,2025-03-13T12:00:00
T00329,C0024,P0036,1,37.42,2025-03-13T12:00:00
T00330,C0043,P0013,1,137.13,2025-05-21T00:00:00
T00330,C0043,P0028,1,159.62,2025-05-21T00:00:00
T00331,C0052,P0008,1,139.7,2025-04-15T21:00:00
T00331,C0052,P0019,1,112.33,2025-04-15T21:00:00
T00332,C0042,P0024,2,149.14,2025-02-09T22:00:00
T00332,C0042,P0004,2,191.35,2025-02-09T22:00:00
T00333,C0037,P0026,1,58.95,2025-04-13T17:00:00
T00333,C0037,P0029,1,61.09,2025-04-13T17:00:00
T00333,C0037,P0023,1,87.83,2025-04-13T17:00:00
T00334,C0042,P0039,1,120.8,2025-06-20T11:00:00
T00335,C0036,P0021,1,34.65,2025-06-15T21:00:00
T00335,C0036,P0027,1,22.39,2025-06-15T21:00:00
T00336,C0006,P0033,1,63.31,2025-03-08T07:00:00
T00336,C0006,P0035,2,57.49,2025-03-08T07:00:00
T00336,C0006,P0037,1,234.2,2025-03-08T07:00:00
T00337,C0025,P0032,1,22.36,2025-04-29T21:00:00
T00337,C0025,P0009,2,69.94,2025-04-29T21:00:00
T00337,C0025,P0022,1,60.05,2025-04-29T21:00:00
T00338,C0018,P0009,1,69.94,2025-04-17T02:00:00
T00339,C0019,P0033,2,63.31,2025-03-29T14:00:00
T00340,C0022,P0028,1,159.62,2025-05-02T03:00:00
T00340,C0022,P0008,1,139.7,2025-05-02T03:00:00
T00341,C0051,P0006,1,36.46,2025-01-30T00:00:00
T00341,C0051,P0010,1,218.75,2025-01-30T00:00:00
T00342,C0035,P0027,1,22.39,2025-02-10T10:00:00
T00342,C0035,P0014,2,183.83,2025-02-10T10:00:00
T00342,C0035,P0011,2,108.67,2025-02-10T10:00:00
T00343,C0001,P0037,2,234.2,2025-06-07T06:00:00
T00343,C0001,P0027,1,22.39,2025-06-07T06:00:00
T00344,C0045,P0004,1,191.35,2025-02-24T06:00:00
T00344,C0045,P0036,1,37.42,2025-02-24T06:00:00
T00345,C0023,P0007,2,121.44,2025-03-25T06:00:00
T00345,C0023,P0016,1,81.37,2025-03-25T06:00:00
T00346,C0038,P0037,1,234.2,2025-04-10T19:00:00
T00346,C0038,P0007,1,121.44,2025-04-10T19:00:00
T00347,C0054,P0019,1,112.33,2025-04-28T19:00:00
T00348,C0043,P0015,1,54.28,2025-02-04T10:00:00
T00349,C0007,P0032,2,22.36,2025-02-16T11:00:00
T00350,C0026,P0024,2,149.14,2025-06-02T04:00:00
T00350,C0026,P0027,1,22.39,2025-06-02T04:00:00
T00350,C0026,P0011,1,108.67,2025-06-02T04:00:00
T00351,C0031,P0020,2,131.81,2025-03-15T04:00:00
T00352,C0039,P0031,1,215.61,2025-01-14T11:00:00
T00353,C0012,P0031,2,215.61,2025-04-09T17:00:00
T00353,C0012,P0026,2,58.95,2025-04-09T17:00:00
T00353,C0012,P0031,2,215.61,2025-04-09T17:00:00
T00354,C0010,P0014,1,183.83,2025-01-22T18:00:00
T00355,C0002,P0018,2,164.22,2025-03-12T07:00:00
T00355,C0002,P0010,1,218.75,2025-03-12T07:00:00
T00355,C0002,P0029,1,61.09,2025-03-12T07:00:00
T00356,C0017,P0002,1,124.07,2025-05-20T11:00:00
T00356,C0017,P0028,2,159.62,2025-05-20T11:00:00
T00356,C0017,P0034,1,168.9,2025-05-20T11:00:00
T00357,C0047,P0002,1,124.07,2025-06-17T07:00:00
T00357,C0047,P0028,1,159.62,2025-06-17T07:00:00
T00358,C0055,P0015,1,54.28,2025-01-23T14:00:00
T00359,C0051,P0039,1,120.8,2025-05-31T22:00:00
T00359,C0051,P0027,1,22.39,2025-05-31T22:00:00
T00360,C0050,P0036,1,37.42,2025-02-22T06:00:00
T00361,C0034,P0010,1,218.75,2025-03-13T19:00:00
T00361,C0034,P0020,1,131.81,2025-03-13T19:00:00
T00361,C0034,P0018,1,164.22,2025-03-13T19:00:00
T00362,C0008,P0008,1,139.7,2025-04-16T01:00:00
T00362,C0008,P0008,1,139.7,2025-04-16T01:00:00
T00363,C0045,P0031,1,215.61,2025-03-24T07:00:00
T00363,C0045,P0009,2,69.94,2025-03-24T07:00:00
T00364,C0024,P0025,1,61.38,2025-04-26T02:00:00
T00365,C0044,P0020,1,131.81,2025-04-05T14:00:00
T00365,C0044,P0037,1,234.2,2025-04-05T14:00:00
T00366,C0046,P0004,2,191.35,2025-04-28T20:00:00
T00366,C0046,P0034,1,168.9,2025-04-28T20:00:00
T00367,C0027,P0020,1,131.81,2025-02-24T15:00:00
T00367,C0027,P0018,1,164.22,2025-02-24T15:00:00
T00368,C0036,P0002,1,124.07,2025-05-05T10:00:00
T00369,C0040,P0010,2,218.75,2025-04-28T00:00:00
T00370,C0029,P0008,1,139.7,2025-01-01T13:00:00
T00371,C0010,P0016,1,81.37,2025-03-12T02:00:00
T00371,C0010,P0005,1,192.63,2025-03-12T02:00:00
T00372,C0003,P0014,1,183.83,2025-04-12T20:00:00
T00372,C0003,P0027,1,22.39,2025-04-12T20:00:00
T00373,C0000,P0008,1,139.7,2025-02-24T15:00:00
T00374,C0033,P0021,1,34.65,2025-04-24T00:00:00
T00375,C0055,P0030,1,226.83,2025-04-19T22:00:00
T00376,C0014,P0006,1,36.46,2025-04-09T02:00:00
T00377,C0023,P0008,1,139.7,2025-03-18T04:00:00
T00377,C0023,P0009,1,69.94,2025-03-18T04:00:00
T00378,C0039,P0022,2,60.05,2025-06-16T05:00:00
T00378,C0039,P0009,2,69.94,2025-06-16T05:00:00
T00379,C0055,P0008,1,139.7,2025-02-25T02:00:00
T00380,C0037,P0020,1,131.81,2025-04-09T11:00:00
T00380,C0037,P0008,1,139.7,2025-04-09T11:00:00
T00381,C0041,P0038,1,144.91,2025-01-22T07:00:00
T00381,C0041,P0038,1,144.91,2025-01-22T07:00:00
T00381,C0041,P0038,1,144.91,2025-01-22T07:00:00
T00382,C0013,P0012,2,56.89,2025-05-13T19:00:00
T00382,C0013,P0018,2,164.22,2025-05-13T19:00:00
T00382,C0013,P0015,1,54.28,2025-05-13T19:00:00
T00383,C0015,P0004,1,191.35,2025-05-08T20:00:00
T00383,C0015,P0033,1,63.31,2025-05-08T20:00:00
T00383,C0015,P0000,1,237.0,2025-05-08T20:00:00
T00384,C0024,P0034,2,168.9,2025-05-26T13:00:00
T00384,C0024,P0011,1,108.67,2025-05-26T13:00:00
T00385,C0001,P0016,1,81.37,2025-05-31T02:00:00
T00386,C0002,P0018,2,164.22,2025-01-16T12:00:00
T00386,C0002,P0032,2,22.36,2025-01-16T12:00:00
T00386,C0002,P0026,1,58.95,2025-01-16T12:00:00
T00387,C0040,P0009,1,69.94,2025-05-18T17:00:00
T00387,C0040,P0017,1,248.81,2025-05-18T17:00:00
T00387,C0040,P0005,1,192.63,2025-05-18T17:00:00
T00388,C0051,P0025,1,61.38,2025-02-09T17:00:00
T00388,C0051,P0037,1,234.2,2025-02-09T17:00:00
T00389,C0044,P0003,1,21.96,2025-04-22T23:00:00
T00390,C0005,P0039,1,120.8,2025-04-22T03:00:00
T00390,C0005,P0038,1,144.91,2025-04-22T03:00:00
T00391,C0042,P0007,1,121.44,2025-06-18T23:00:00
T00392,C0045,P0010,2,218.75,2025-02-05T22:00:00
T00393,C0022,P0010,1,218.75,2025-05-14T16:00:00
T00393,C0022,P0023,1,87.83,2025-05-14T16:00:00
T00394,C0046,P0027,1,22.39,2025-01-31T00:00:00
T00394,C0046,P0011,1,108.67,2025-01-31T00:00:00
T00395,C0045,P0031,2,215.61,2025-05-28T20:00:00
T00396,C0032,P0036,1,37.42,2025-04-03T01:00:00
T00396,C0032,P0010,1,218.75,2025-04-03T01:00:00
T00397,C0016,P0014,1,183.83,2025-01-27T18:00:00
T00398,C0002,P0030,1,226.83,2025-01-04T07:00:00
T00399,C0024,P0035,2,57.49,2025-02-08T05:00:00
T00400,C0014,P0020,1,131.81,2025-03-24T07:00:00
T00400,C0014,P0017,1,248.81,2025-03-24T07:00:00
T00401,C0007,P0011,1,108.67,2025-05-09T21:00:00
T00402,C0051,P0004,1,191.35,2025-05-13T01:00:00
T00402,C0051,P0029,1,61.09,2025-05-13T01:00:00
T00403,C0020,P0000,1,237.0,2025-01-23T17:00:00
T00403,C0020,P0023,1,87.83,2025-01-23T17:00:00
T00404,C0036,P0015,2,54.28,2025-03-19T23:00:00
T00404,C0036,P0012,1,56.89,2025-03-19T23:00:00
T00404,C0036,P0012,1,56.89,2025-03-19T23:00:00
T00405,C0009,P0014,1,183.83,2025-01-02T13:00:00
T00406,C0040,P0024,1,149.14,2025-01-03T10:00:00
T00407,C0006,P0026,2,58.95,2025-02-22T16:00:00
T00408,C0003,P0005,1,192.63,2025-02-06T22:00:00
T00408,C0003,P0002,2,124.07,2025-02-06T22:00:00
T00409,C0044,P0037,1,234.2,2025-04-06T14:00:00
T00410,C0032,P0004,1,191.35,2025-02-04T20:00:00
T00410,C0032,P0037,2,234.2,2025-02-04T20:00:00
T00411,C0042,P0016,2,81.37,2025-02-03T07:00:00
T00411,C0042,P0020,1,131.81,2025-02-03T07:00:00
T00412,C0020,P0004,1,191.35,2025-04-26T08:00:00
T00413,C0008,P0006,1,36.46,2025-05-30T03:00:00
T00414,C0028,P0007,1,121.44,2025-04-30T10:00:00
T00414,C0028,P0034,1,168.9,2025-04-30T10:00:00
T00415,C0028,P0007,1,121.44,2025-03-20T14:00:00
T00415,C0028,P0005,1,192.63,2025-03-20T14:00:00
T00416,C0052,P0020,1,131.81,2025-06-04T01:00:00
T00417,C0005,P0032,1,22.36,2025-03-05T11:00:00
T00417,C0005,P0003,1,21.96,2025-03-05T11:00:00
T00418,C0052,P0028,1,159.62,2025-02-14T00:00:00
T00418,C0052,P0008,1,139.7,2025-02-14T00:00:00
T00419,C0029,P0000,1,237.0,2025-01-27T04:00:00
T00420,C0053,P0025,1,61.38,2025-02-26T04:00:00
T00421,C0043,P0037,1,234.2,2025-06-11T20:00:00
T00422,C0058,P0012,2,56.89,2025-01-20T00:00:00
T00423,C0051,P0007,2,121.44,2025-02-02T02:00:00
T00423,C0051,P0002,1,124.07,2025-02-02T02:00:00
T00424,C0010,P0031,2,215.61,2025-05-27T13:00:00
T00424,C0010,P0001,2,25.99,2025-05-27T13:00:00
T00425,C0011,P0017,1,248.81,2025-04-01T06:00:00
T00426,C0028,P0039,1,120.8,2025-02-08T01:00:00
T00426,C0028,P0039,2,120.8,2025-02-08T01:00:00
T00426,C0028,P0015,2,54.28,2025-02-08T01:00:00
T00427,C0056,P0005,1,192.63,2025-05-21T15:00:00
T00428,C0024,P0033,1,63.31,2025-02-05T13:00:00
T00429,C0040,P0022,2,60.05,2025-05-20T00:00:00
T00429,C0040,P0027,1,22.39,2025-05-20T00:00:00
T00430,C0058,P0024,1,149.14,2025-05-25T16:00:00
T00430,C0058,P0017,1,248.81,2025-05-25T16:00:00
T00431,C0020,P0017,1,248.81,2025-06-02T07:00:00
T00432,C0051,P0037,1,234.2,2025-05-01T16:00:00
T00432,C0051,P0014,1,183.83,2025-05-01T16:00:00
T00433,C0015,P0034,1,168.9,2025-06-18T07:00:00
T00433,C0015,P0003,2,21.96,2025-06-18T07:00:00
T00434,C0022,P0037,1,234.2,2025-02-14T05:00:00
T00435,C0051,P0022,1,60.05,2025-04-02T18:00:00
T00436,C0036,P0019,1,112.33,2025-02-18T15:00:00
T00436,C0036,P0011,1,108.67,2025-02-18T15:00:00
T00436,C0036,P0031,1,215.61,2025-02-18T15:00:00
T00437,C0014,P0033,2,63.31,2025-06-04T07:00:00
T00438,C0000,P0008,1,139.7,2025-03-26T19:00:00
T00439,C0045,P0001,1,25.99,2025-02-15T10:00:00
T00440,C0037,P0023,2,87.83,2025-02-06T03:00:00
T00440,C0037,P0004,1,191.35,2025-02-06T03:00:00
T00440,C0037,P0023,1,87.83,2025-02-06T03:00:00
T00441,C0019,P0027,2,22.39,2025-03-24T04:00:00
T00442,C0041,P0039,1,120.8,2025-03-23T05:00:00
T00442,C0041,P0022,2,60.05,2025-03-23T05:00:00
T00442,C0041,P0014,1,183.83,2025-03-23T05:00:00
T00443,C0046,P0000,2,237.0,2025-03-17T04:00:00
T00444,C0054,P0038,1,144.91,2025-05-26T01:00:00
T00445,C0058,P0006,1,36.46,2025-06-06T07:00:00
T00445,C0058,P0009,1,69.94,2025-06-06T07:00:00
T00445,C0058,P0027,1,22.39,2025-06-06T07:00:00
T00446,C0020,P0021,2,34.65,2025-02-12T20:00:00
T00447,C0000,P0004,1,191.35,2025-03-09T06:00:00
T00448,C0016,P0003,2,21.96,2025-01-28T23:00:00
T00449,C0028,P0031,1,215.61,2025-04-18T05:00:00
T00449,C0028,P0024,2,149.14,2025-04-18T05:00:00
T00450,C0006,P0010,2,218.75,2025-05-03T18:00:00
T00451,C0004,P0020,1,131.81,2025-01-09T09:00:00
T00452,C0006,P0024,1,149.14,2025-01-19T10:00:00
T00453,C0046,P0021,2,34.65,2025-01-20T17:00:00
T00454,C0045,P0038,2,144.91,2025-01-08T13:00:00
T00455,C0010,P0013,2,137.13,2025-01-14T03:00:00
T00455,C0010,P0012,1,56.89,2025-01-14T03:00:00
T00456,C0042,P0006,1,36.46,2025-03-14T09:00:00
T00457,C0025,P0009,1,69.94,2025-05-27T17:00:00
T00457,C0025,P0003,1,21.96,2025-05-27T17:00:00
T00458,C0027,P0030,1,226.83,2025-01-23T09:00:00
T00458,C0027,P0026,1,58.95,2025-01-23T09:00:00
T00458,C0027,P0026,1,58.95,2025-01-23T09:00:00
T00459,C0030,P0030,1,226.83,2025-01-30T09:00:00
T00459,C0030,P0026,1,58.95,2025-01-30T09:00:00
T00460,C0041,P0023,2,87.83,2025-05-20T12:00:00
T00461,C0023,P0016,2,81.37,2025-02-17T14:00:00
T00462,C0029,P0036,1,37.42,2025-03-09T07:00:00
T00462,C0029,P0003,1,21.96,2025-03-09T07:00:00
T00463,C0005,P0037,1,234.2,2025-03-30T17:00:00
T00463,C0005,P0014,2,183.83,2025-03-30T17:00:00
T00464,C0052,P0030,1,226.83,2025-05-14T13:00:00
T00464,C0052,P0026,1,58.95,2025-05-14T13:00:00
T00464,C0052,P0026,2,58.95,2025-05-14T13:00:00
T00465,C0057,P0033,1,63.31,2025-01-09T16:00:00
T00465,C0057,P0036,1,37.42,2025-01-09T16:00:00
T00465,C0057,P0039,2,120.8,2025-01-09T16:00:00
T00466,C0011,P0008,1,139.7,2025-02-12T06:00:00
T00467,C0027,P0012,1,56.89,2025-01-21T21:00:00
T00467,C0027,P0009,1,69.94,2025-01-21T21:00:00
T00468,C0058,P0035,1,57.49,2025-01-18T02:00:00
T00468,C0058,P0025,1,61.38,2025-01-18T02:00:00
T00469,C0033,P0037,1,234.2,2025-04-28T00:00:00
T00469,C0033,P0033,2,63.31,2025-04-28T00:00:00
T00469,C0033,P0026,1,58.95,2025-04-28T00:00:00
T00470,C0009,P0006,1,36.46,2025-05-26T18:00:00
T00470,C0009,P0036,2,37.42,2025-05-26T18:00:00
T00470,C0009,P0018,1,164.22,2025-05-26T18:00:00
T00471,C0024,P0038,1,144.91,2025-06-17T15:00:00
T00471,C0024,P0030,1,226.83,2025-06-17T15:00:00
T00471,C0024,P0002,2,124.07,2025-06-17T15:00:00
T00472,C0009,P0002,1,124.07,2025-06-08T19:00:00
T00472,C0009,P0025,1,61.38,2025-06-08T19:00:00
T00473,C0003,P0001,1,25.99,2025-05-02T08:00:00
T00473,C0003,P0021,1,34.65,2025-05-02T08:00:00
T00474,C0017,P0014,1,183.83,2025-05-06T22:00:00
T00475,C0019,P0026,1,58.95,2025-04-24T10:00:00
T00475,C0019,P0005,2,192.63,2025-04-24T10:00:00
T00476,C0013,P0033,1,63.31,2025-04-15T23:00:00
T00476,C0013,P0023,1,87.83,2025-04-15T23:00:00
T00477,C0004,P0025,1,61.38,2025-03-21T22:00:00
T00477,C0004,P0008,1,139.7,2025-03-21T22:00:00
T00477,C0004,P0033,1,63.31,2025-03-21T22:00:00
T00478,C0056,P0002,2,124.07,2025-02-21T01:00:00
T00479,C0003,P0017,1,248.81,2025-04-03T22:00:00
T00480,C0052,P0007,1,121.44,2025-04-29T16:00:00
T00480,C0052,P0001,1,25.99,2025-04-29T16:00:00
T00481,C0031,P0030,1,226.83,2025-06-02T14:00:00
T00482,C0022,P0018,1,164.22,2025-02-11T08:00:00
T00483,C0024,P0013,1,137.13,2025-01-13T05:00:00
T00483,C0024,P0014,1,183.83,2025-01-13T05:00:00
T00483,C0024,P0014,2,183.83,2025-01-13T05:00:00
T00484,C0032,P0030,1,226.83,2025-01-06T21:00:00
T00485,C0041,P0014,1,183.83,2025-02-14T19:00:00
T00486,C0038,P0027,2,22.39,2025-03-20T22:00:00
T00486,C0038,P0022,1,60.05,2025-03-20T22:00:00
T00487,C0013,P0039,1,120.8,2025-04-30T09:00:00
T00487,C0013,P0025,1,61.38,2025-04-30T09:00:00
T00487,C0013,P0037,1,234.2,2025-04-30T09:00:00
T00488,C0035,P0018,2,164.22,2025-06-15T19:00:00
T00488,C0035,P0019,1,112.33,2025-06-15T19:00:00
T00488,C0035,P0006,1,36.46,2025-06-15T19:00:00
T00489,C0017,P0016,1,81.37,2025-06-13T10:00:00
T00489,C0017,P0019,1,112.33,2025-06-13T10:00:00
T00490,C0033,P0025,1,61.38,2025-03-03T01:00:00
T00490,C0033,P0020,2,131.81,2025-03-03T01:00:00
T00490,C0033,P0008,1,139.7,2025-03-03T01:00:00
T00491,C0016,P0002,1,124.07,2025-04-18T12:00:00
T00491,C0016,P0037,1,234.2,2025-04-18T12:00:00
T00492,C0046,P0030,1,226.83,2025-02-26T21:00:00
T00492,C0046,P0022,1,60.05,2025-02-26T21:00:00
T00492,C0046,P0026,1,58.95,2025-02-26T21:00:00
T00493,C0006,P0035,1,57.49,2025-05-01T04:00:00
T00493,C0006,P0011,1,108.67,2025-05-01T04:00:00
T00494,C0014,P0026,1,58.95,2025-04-01T07:00:00
T00494,C0014,P0021,1,34.65,2025-04-01T07:00:00
T00495,C0037,P0030,1,226.83,2025-03-17T14:00:00
T00496,C0055,P0039,1,120.8,2025-06-12T18:00:00
T00496,C0055,P0004,1,191.35,2025-06-12T18:00:00
T00496,C0055,P0030,2,226.83,2025-06-12T18:00:00
T00497,C0033,P0009,1,69.94,2025-03-18T13:00:00
T00498,C0012,P0029,1,61.09,2025-03-29T13:00:00
T00498,C0012,P0009,1,69.94,2025-03-29T13:00:00
T00498,C0012,P0020,2,131.81,2025-03-29T13:00:00
T00499,C0021,P0003,1,21.96,2025-06-11T05:00:00
T00499,C0021,P0006,1,36.46,2025-06-11T05:00:00
T00500,C0048,P0031,1,215.61,2025-02-13T18:00:00
T00501,C0008,P0025,2,61.38,2025-06-07T13:00:00
T00501,C0008,P0027,2,22.39,2025-06-07T13:00:00
T00502,C0000,P0023,1,87.83,2025-01-10T17:00:00
T00503,C0057,P0001,1,25.99,2025-03-24T16:00:00
T00504,C0040,P0019,1,112.33,2025-03-05T07:00:00
T00504,C0040,P0008,2,139.7,2025-03-05T07:00:00
T00505,C0032,P0004,1,191.35,2025-05-31T09:00:00
T00506,C0019,P0038,2,144.91,2025-03-16T14:00:00
T00506,C0019,P0033,1,63.31,2025-03-16T14:00:00
T00506,C0019,P0021,1,34.65,2025-03-16T14:00:00
T00507,C0057,P0010,2,218.75,2025-05-06T11:00:00
T00508,C0001,P0013,1,137.13,2025-02-28T07:00:00
T00509,C0037,P0023,1,87.83,2025-05-10T05:00:00
T00510,C0024,P0039,1,120.8,2025-06-13T08:00:00
T00510,C0024,P0003,1,21.96,2025-06-13T08:00:00
T00510,C0024,P0038,1,144.91,2025-06-13T08:00:00
T00511,C0003,P0024,1,149.14,2025-01-30T13:00:00
T00511,C0003,P0007,2,121.44,2025-01-30T13:00:00
T00512,C0044,P0019,2,112.33,2025-02-09T06:00:00
T00513,C0042,P0017,1,248.81,2025-01-26T21:00:00
T00513,C0042,P0008,1,139.7,2025-01-26T21:00:00
T00513,C0042,P0029,1,61.09,2025-01-26T21:00:00
T00514,C0007,P0038,1,144.91,2025-01-28T15:00:00
T00515,C0049,P0022,2,60.05,2025-03-09T16:00:00
T00516,C0018,P0031,1,215.61,2025-02-11T01:00:00
T00516,C0018,P0013,1,137.13,2025-02-11T01:00:00
T00516,C0018,P0030,1,226.83,2025-02-11T01:00:00
T00517,C0000,P0031,1,215.61,2025-01-23T03:00:00
T00517,C0000,P0009,1,69.94,2025-01-23T03:00:00
T00517,C0000,P0005,1,192.63,2025-01-23T03:00:00
T00518,C0041,P0016,1,81.37,2025-03-01T14:00:00
T00518,C0041,P0029,1,61.09,2025-03-01T14:00:00
T00519,C0052,P0023,2,87.83,2025-02-14T01:00:00
T00519,C0052,P0020,1,131.81,2025-02-14T01:00:00
T00520,C0006,P0010,1,218.75,2025-01-12T00:00:00
T00521,C0022,P0005,1,192.63,2025-04-23T19:00:00
T00521,C0022,P0023,1,87.83,2025-04-23T19:00:00
T00522,C0007,P0017,2,248.81,2025-04-13T12:00:00
T00522,C0007,P0030,1,226.83,2025-04-13T12:00:00
T00523,C0007,P0010,1,218.75,2025-02-03T22:00:00
T00524,C0026,P0028,1,159.62,2025-06-01T15:00:00
T00524,C0026,P0008,1,139.7,2025-06-01T15:00:00
T00524,C0026,P0008,1,139.7,2025-06-01T15:00:00
T00525,C0030,P0028,1,159.62,2025-05-05T03:00:00
T00525,C0030,P0008,1,139.7,2025-05-05T03:00:00
T00526,C0000,P0036,1,37.42,2025-05-15T23:00:00
T00526,C0000,P0014,2,183.83,2025-05-15T23:00:00
T00526,C0000,P0021,1,34.65,2025-05-15T23:00:00
T00527,C0030,P0009,1,69.94,2025-03-30T21:00:00
T00527,C0030,P0035,1,57.49,2025-03-30T21:00:00
T00528,C0041,P0031,1,215.61,2025-02-10T16:00:00
T00528,C0041,P0010,2,218.75,2025-02-10T16:00:00
T00529,C0020,P0003,2,21.96,2025-03-03T10:00:00
T00529,C0020,P0006,2,36.46,2025-03-03T10:00:00
T00530,C0052,P0028,1,159.62,2025-03-02T02:00:00
T00530,C0052,P0028,2,159.62,2025-03-02T02:00:00
T00531,C0028,P0001,2,25.99,2025-03-22T03:00:00
T00531,C0028,P0006,2,36.46,2025-03-22T03:00:00
T00532,C0002,P0005,1,192.63,2025-05-23T17:00:00
T00533,C0056,P0029,1,61.09,2025-05-11T17:00:00
T00534,C0023,P0021,2,34.65,2025-01-14T07:00:00
T00534,C0023,P0006,1,36.46,2025-01-14T07:00:00
T00535,C0045,P0014,1,183.83,2025-04-26T03:00:00
T00536,C0021,P0035,1,57.49,2025-04-01T20:00:00
T00536,C0021,P0033,1,63.31,2025-04-01T20:00:00
T00537,C0002,P0026,1,58.95,2025-02-12T15:00:00
T00538,C0016,P0007,2,121.44,2025-06-06T06:00:00
T00539,C0013,P0006,1,36.46,2025-04-28T06:00:00
T00539,C0013,P0002,2,124.07,2025-04-28T06:00:00
T00540,C0029,P0008,1,139.7,2025-06-18T18:00:00
T00540,C0029,P0031,2,215.61,2025-06-18T18:00:00
T00540,C0029,P0000,2,237.0,2025-06-18T18:00:00
T00541,C0059,P0011,2,108.67,2025-05-11T05:00:00
T00541,C0059,P0008,1,139.7,2025-05-11T05:00:00
T00541,C0059,P0006,2,36.46,2025-05-11T05:00:00
T00542,C0026,P0017,2,248.81,2025-06-05T22:00:00
T00543,C0021,P0008,2,139.7,2025-03-17T14:00:00
T00544,C0038,P0020,1,131.81,2025-05-12T09:00:00
T00544,C0038,P0035,1,57.49,2025-05-12T09:00:00
T00544,C0038,P0013,1,137.13,2025-05-12T09:00:00
T00545,C0043,P0011,1,108.67,2025-03-30T21:00:00
T00546,C0045,P0030,1,226.83,2025-01-30T11:00:00
T00546,C0045,P0026,2,58.95,2025-01-30T11:00:00
T00546,C0045,P0026,1,58.95,2025-01-30T11:00:00
T00547,C0033,P0009,1,69.94,2025-01-28T00:00:00
T00547,C0033,P0003,1,21.96,2025-01-28T00:00:00
T00548,C0017,P0009,1,69.94,2025-02-11T09:00:00
T00548,C0017,P0003,1,21.96,2025-02-11T09:00:00
T00549,C0048,P0028,1,159.62,2025-05-19T01:00:00
T00549,C0048,P0008,2,139.7,2025-05-19T01:00:00
T00550,C0015,P0003,2,21.96,2025-05-11T22:00:00
T00550,C0015,P0024,1,149.14,2025-05-11T22:00:00
T00551,C0035,P0012,1,56.89,2025-01-14T00:00:00
T00551,C0035,P0028,1,159.62,2025-01-14T00:00:00
T00552,C0048,P0012,1,56.89,2025-05-31T17:00:00
T00552,C0048,P0012,1,56.89,2025-05-31T17:00:00
T00552,C0048,P0006,1,36.46,2025-05-31T17:00:00
T00553,C0011,P0002,1,124.07,2025-05-12T03:00:00
T00553,C0011,P0027,1,22.39,2025-05-12T03:00:00
T00554,C0008,P0000,2,237.0,2025-02-11T18:00:00
T00554,C0008,P0021,1,34.65,2025-02-11T18:00:00
T00555,C0002,P0003,2,21.96,2025-02-09T10:00:00
T00555,C0002,P0039,1,120.8,2025-02-09T10:00:00
T00555,C0002,P0019,1,112.33,2025-02-09T10:00:00
T00556,C0050,P0011,1,108.67,2025-03-23T16:00:00
T00557,C0050,P0034,2,168.9,2025-05-10T05:00:00
T00557,C0050,P0034,1,168.9,2025-05-10T05:00:00
T00558,C0022,P0021,1,34.65,2025-02-26T06:00:00
T00558,C0022,P0006,2,36.46,2025-02-26T06:00:00
T00559,C0035,P0022,2,60.05,2025-06-16T00:00:00
T00560,C0015,P0015,1,54.28,2025-06-14T19:00:00
T00560,C0015,P0020,2,131.81,2025-06-14T19:00:00
T00560,C0015,P0012,1,56.89,2025-06-14T19:00:00
T00561,C0034,P0023,2,87.83,2025-03-14T00:00:00
T00561,C0034,P0032,2,22.36,2025-03-14T00:00:00
T00561,C0034,P0032,1,22.36,2025-03-14T00:00:00
T00562,C0018,P0032,1,22.36,2025-06-16T06:00:00
T00562,C0018,P0005,1,192.63,2025-06-16T06:00:00
T00563,C0049,P0004,1,191.35,2025-05-18T17:00:00
T00564,C0042,P0006,2,36.46,2025-06-11T06:00:00
T00564,C0042,P0027,1,22.39,2025-06-11T06:00:00
T00565,C0047,P0021,1,34.65,2025-02-09T00:00:00
T00565,C0047,P0006,1,36.46,2025-02-09T00:00:00
T00566,C0011,P0036,1,37.42,2025-03-06T17:00:00
T00567,C0058,P0028,1,159.62,2025-03-08T13:00:00
T00567,C0058,P0027,1,22.39,2025-03-08T13:00:00
T00568,C0024,P0039,1,120.8,2025-01-31T17:00:00
T00569,C0048,P0022,1,60.05,2025-05-30T01:00:00
T00570,C0018,P0018,2,164.22,2025-03-19T19:00:00
T00571,C0024,P0030,1,226.83,2025-04-12T21:00:00
T00572,C0034,P0034,1,168.9,2025-02-26T04:00:00
T00572,C0034,P0018,1,164.22,2025-02-26T04:00:00
T00573,C0043,P0035,1,57.49,2025-06-15T11:00:00
T00574,C0007,P0038,1,144.91,2025-01-11T00:00:00
T00574,C0007,P0025,1,61.38,2025-01-11T00:00:00
T00574,C0007,P0034,1,168.9,2025-01-11T00:00:00
T00575,C0047,P0032,1,22.36,2025-03-30T06:00:00
T00575,C0047,P0009,1,69.94,2025-03-30T06:00:00
T00576,C0014,P0007,1,121.44,2025-06-07T08:00:00
T00577,C0042,P0029,1,61.09,2025-05-26T01:00:00
T00577,C0042,P0035,1,57.49,2025-05-26T01:00:00
T00577,C0042,P0004,1,191.35,2025-05-26T01:00:00
T00578,C0006,P0031,1,215.61,2025-02-20T23:00:00
T00578,C0006,P0021,1,34.65,2025-02-20T23:00:00
T00578,C0006,P0022,1,60.05,2025-02-20T23:00:00
T00579,C0018,P0020,2,131.81,2025-06-08T02:00:00
T00580,C0028,P0037,1,234.2,2025-03-26T19:00:00
T00580,C0028,P0009,1,69.94,2025-03-26T19:00:00
T00581,C0027,P0015,1,54.28,2025-02-13T00:00:00
T00581,C0027,P0027,1,22.39,2025-02-13T00:00:00
T00582,C0008,P0028,1,159.62,2025-03-26T15:00:00
T00582,C0008,P0008,2,139.7,2025-03-26T15:00:00
T00583,C0035,P0005,1,192.63,2025-01-28T05:00:00
T00583,C0035,P0017,1,248.81,2025-01-28T05:00:00
T00583,C0035,P0008,1,139.7,2025-01-28T05:00:00
T00584,C0046,P0001,2,25.99,2025-01-20T00:00:00
T00584,C0046,P0037,1,234.2,2025-01-20T00:00:00
T00584,C0046,P0037,1,234.2,2025-01-20T00:00:00
T00585,C0035,P0030,1,226.83,2025-03-08T17:00:00
T00585,C0035,P0009,1,69.94,2025-03-08T17:00:00
T00585,C0035,P0026,1,58.95,2025-03-08T17:00:00
T00586,C0029,P0025,1,61.38,2025-05-09T16:00:00
T00587,C0032,P0039,1,120.8,2025-01-03T21:00:00
T00588,C0048,P0010,1,218.75,2025-05-12T04:00:00
T00588,C0048,P0011,2,108.67,2025-05-12T04:00:00
T00589,C0022,P0014,1,183.83,2025-01-11T07:00:00
T00589,C0022,P0004,1,191.35,2025-01-11T07:00:00
T00590,C0014,P0033,1,63.31,2025-01-11T21:00:00
T00591,C0024,P0002,1,124.07,2025-05-01T14:00:00
T00592,C0006,P0016,1,81.37,2025-05-14T20:00:00
T00592,C0006,P0037,2,234.2,2025-05-14T20:00:00
T00593,C0041,P0004,2,191.35,2025-04-07T11:00:00
T00593,C0041,P0033,1,63.31,2025-04-07T11:00:00
T00593,C0041,P0016,2,81.37,2025-04-07T11:00:00
T00594,C0022,P0038,1,144.91,2025-03-30T15:00:00
T00594,C0022,P0000,2,237.0,2025-03-30T15:00:00
T00595,C0010,P0017,1,248.81,2025-02-28T02:00:00
T00595,C0010,P0029,1,61.09,2025-02-28T02:00:00
T00595,C0010,P0029,1,61.09,2025-02-28T02:00:00
T00596,C0026,P0030,2,226.83,2025-03-26T23:00:00
T00597,C0030,P0026,1,58.95,2025-02-23T18:00:00
T00598,C0015,P0037,1,234.2,2025-01-12T04:00:00
T00598,C0015,P0010,1,218.75,2025-01-12T04:00:00
T00598,C0015,P0008,1,139.7,2025-01-12T04:00:00
T00599,C0010,P0025,1,61.38,2025-03-08T05:00:00
T00599,C0010,P0038,1,144.91,2025-03-08T05:00:00
T00599,C0010,P0036,1,37.42,2025-03-08T05:00:00
T00600,C0013,P0030,2,226.83,2025-04-25T19:00:00
T00600,C0013,P0026,1,58.95,2025-04-25T19:00:00
T00601,C0050,P0032,1,22.36,2025-05-30T05:00:00
T00601,C0050,P0016,2,81.37,2025-05-30T05:00:00
T00601,C0050,P0010,1,218.75,2025-05-30T05:00:00
T00602,C0014,P0006,1,36.46,2025-04-07T12:00:00
T00603,C0012,P0009,1,69.94,2025-05-14T16:00:00
T00603,C0012,P0038,1,144.91,2025-05-14T16:00:00
T00604,C0030,P0034,1,168.9,2025-06-07T19:00:00
T00605,C0005,P0038,1,144.91,2025-05-04T21:00:00
T00606,C0057,P0026,2,58.95,2025-06-16T13:00:00
T00606,C0057,P0029,1,61.09,2025-06-16T13:00:00
T00606,C0057,P0029,2,61.09,2025-06-16T13:00:00
T00607,C0050,P0036,1,37.42,2025-04-08T11:00:00
T00607,C0050,P0006,1,36.46,2025-04-08T11:00:00
T00607,C0050,P0027,2,22.39,2025-04-08T11:00:00
T00608,C0049,P0038,2,144.91,2025-03-01T02:00:00
T00608,C0049,P0034,1,168.9,2025-03-01T02:00:00
T00609,C0012,P0036,1,37.42,2025-01-02T22:00:00
T00610,C0033,P0020,2,131.81,2025-01-02T12:00:00
T00611,C0023,P0037,1,234.2,2025-01-28T04:00:00
T00611,C0023,P0016,2,81.37,2025-01-28T04:00:00
T00612,C0036,P0025,2,61.38,2025-04-04T19:00:00
T00612,C0036,P0013,2,137.13,2025-04-04T19:00:00
T00613,C0011,P0030,1,226.83,2025-04-05T17:00:00
T00613,C0011,P0026,2,58.95,2025-04-05T17:00:00
T00613,C0011,P0026,1,58.95,2025-04-05T17:00:00
T00614,C0054,P0028,1,159.62,2025-06-18T03:00:00
T00615,C0006,P0021,1,34.65,2025-02-24T16:00:00
T00615,C0006,P0039,1,120.8,2025-02-24T16:00:00
T00616,C0024,P0009,2,69.94,2025-06-12T00:00:00
T00617,C0059,P0004,1,191.35,2025-06-03T13:00:00
T00618,C0014,P0002,1,124.07,2025-04-05T02:00:00
T00618,C0014,P0024,1,149.14,2025-04-05T02:00:00
T00618,C0014,P0025,1,61.38,2025-04-05T02:00:00
T00619,C0040,P0012,1,56.89,2025-05-07T14:00:00
T00620,C0012,P0033,1,63.31,2025-01-09T19:00:00
T00620,C0012,P0014,1,183.83,2025-01-09T19:00:00
T00620,C0012,P0039,1,120.8,2025-01-09T19:00:00
T00621,C0015,P0005,1,192.63,2025-06-17T00:00:00
T00622,C0049,P0025,1,61.38,2025-04-13T11:00:00
T00622,C0049,P0037,1,234.2,2025-04-13T11:00:00
T00623,C0047,P0018,1,164.22,2025-01-18T02:00:00
T00623,C0047,P0035,1,57.49,2025-01-18T02:00:00
T00623,C0047,P0037,1,234.2,2025-01-18T02:00:00
T00624,C0014,P0025,1,61.38,2025-06-05T06:00:00
T00624,C0014,P0036,1,37.42,2025-06-05T06:00:00
T00625,C0011,P0035,1,57.49,2025-04-15T16:00:00
T00626,C0032,P0032,1,22.36,2025-03-17T10:00:00
T00627,C0056,P0028,2,159.62,2025-05-18T18:00:00
T00627,C0056,P0036,1,37.42,2025-05-18T18:00:00
T00628,C0048,P0037,2,234.2,2025-03-28T14:00:00
T00628,C0048,P0001,1,25.99,2025-03-28T14:00:00
T00629,C0016,P0014,1,183.83,2025-01-18T12:00:00
T00630,C0026,P0000,1,237.0,2025-04-01T16:00:00
T00630,C0026,P0016,1,81.37,2025-04-01T16:00:00
T00630,C0026,P0015,2,54.28,2025-04-01T16:00:00
T00631,C0043,P0011,1,108.67,2025-03-29T02:00:00
T00631,C0043,P0030,1,226.83,2025-03-29T02:00:00
T00631,C0043,P0020,1,131.81,2025-03-29T02:00:00
T00632,C0011,P0015,1,54.28,2025-02-18T15:00:00
T00633,C0055,P0012,1,56.89,2025-03-09T06:00:00
T00634,C0053,P0006,1,36.46,2025-06-08T11:00:00
T00635,C0058,P0039,1,120.8,2025-01-21T21:00:00
T00635,C0058,P0000,2,237.0,2025-01-21T21:00:00
T00636,C0023,P0036,2,37.42,2025-06-08T10:00:00
T00636,C0023,P0017,1,248.81,2025-06-08T10:00:00
T00637,C0048,P0014,1,183.83,2025-05-11T08:00:00
T00637,C0048,P0036,1,37.42,2025-05-11T08:00:00
T00638,C0033,P0002,2,124.07,2025-04-19T15:00:00
T00638,C0033,P0032,1,22.36,2025-04-19T15:00:00
T00638,C0033,P0022,2,60.05,2025-04-19T15:00:00
T00639,C0007,P0000,1,237.0,2025-05-13T14:00:00
T00639,C0007,P0000,2,237.0,2025-05-13T14:00:00
T00640,C0037,P0039,1,120.8,2025-01-26T10:00:00
T00640,C0037,P0016,1,81.37,2025-01-26T10:00:00
T00641,C0015,P0021,1,34.65,2025-03-10T15:00:00
T00641,C0015,P0006,2,36.46,2025-03-10T15:00:00
T00641,C0015,P0006,1,36.46,2025-03-10T15:00:00
T00642,C0023,P0011,1,108.67,2025-04-13T08:00:00
T00642,C0023,P0036,1,37.42,2025-04-13T08:00:00
T00643,C0052,P0015,2,54.28,2025-01-26T23:00:00
T00643,C0052,P0012,1,56.89,2025-01-26T23:00:00
T00644,C0009,P0011,2,108.67,2025-02-08T15:00:00
T00645,C0031,P0034,1,168.9,2025-02-04T20:00:00
T00645,C0031,P0020,1,131.81,2025-02-04T20:00:00
T00645,C0031,P0031,1,215.61,2025-02-04T20:00:00
T00646,C0025,P0003,1,21.96,2025-01-26T22:00:00
T00647,C0052,P0028,1,159.62,2025-03-07T15:00:00
T00648,C0016,P0035,1,57.49,2025-04-03T11:00:00
T00648,C0016,P0016,2,81.37,2025-04-03T11:00:00
T00648,C0016,P0022,1,60.05,2025-04-03T11:00:00
T00649,C0022,P0036,1,37.42,2025-06-05T06:00:00
T00649,C0022,P0034,1,168.9,2025-06-05T06:00:00
T00649,C0022,P0011,1,108.67,2025-06-05T06:00:00
T00650,C0043,P0005,1,192.63,2025-05-11T15:00:00
T00650,C0043,P0024,2,149.14,2025-05-11T15:00:00
T00651,C0040,P0026,2,58.95,2025-02-07T05:00:00
T00651,C0040,P0036,1,37.42,2025-02-07T05:00:00
T00652,C0005,P0020,1,131.81,2025-02-11T10:00:00
T00653,C0041,P0038,1,144.91,2025-03-16T22:00:00
T00653,C0041,P0025,2,61.38,2025-03-16T22:00:00
T00654,C0049,P0033,1,63.31,2025-04-03T23:00:00
T00654,C0049,P0028,1,159.62,2025-04-03T23:00:00
T00654,C0049,P0026,1,58.95,2025-04-03T23:00:00
T00655,C0008,P0005,1,192.63,2025-03-02T21:00:00
T00655,C0008,P0013,2,137.13,2025-03-02T21:00:00
T00656,C0006,P0035,1,57.49,2025-01-25T02:00:00
T00656,C0006,P0003,2,21.96,2025-01-25T02:00:00
T00657,C0033,P0039,1,120.8,2025-01-22T03:00:00
T00657,C0033,P0009,2,69.94,2025-01-22T03:00:00
T00658,C0019,P0028,1,159.62,2025-02-28T07:00:00
T00658,C0019,P0008,1,139.7,2025-02-28T07:00:00
T00659,C0002,P0030,1,226.83,2025-06-19T11:00:00
T00659,C0002,P0026,2,58.95,2025-06-19T11:00:00
T00660,C0008,P0038,2,144.91,2025-05-19T05:00:00
T00660,C0008,P0029,1,61.09,2025-05-19T05:00:00
T00660,C0008,P0036,1,37.42,2025-05-19T05:00:00
T00661,C0030,P0028,1,159.62,2025-05-19T07:00:00
T00662,C0023,P0019,1,112.33,2025-04-16T08:00:00
T00663,C0000,P0018,1,164.22,2025-05-14T04:00:00
T00663,C0000,P0030,2,226.83,2025-05-14T04:00:00
T00664,C0048,P0027,1,22.39,2025-05-03T09:00:00
T00665,C0038,P0023,2,87.83,2025-03-01T00:00:00
T00665,C0038,P0012,2,56.89,2025-03-01T00:00:00
T00665,C0038,P0026,1,58.95,2025-03-01T00:00:00
T00666,C0010,P0014,1,183.83,2025-06-15T12:00:00
T00666,C0010,P0016,2,81.37,2025-06-15T12:00:00
T00667,C0040,P0017,2,248.81,2025-03-03T16:00:00
T00667,C0040,P0029,1,61.09,2025-03-03T16:00:00
T00667,C0040,P0017,1,248.81,2025-03-03T16:00:00
T00668,C0011,P0029,2,61.09,2025-02-04T09:00:00
T00669,C0017,P0020,1,131.81,2025-06-09T15:00:00
T00670,C0009,P0011,1,108.67,2025-01-13T17:00:00
T00671,C0018,P0000,1,237.0,2025-03-10T04:00:00
T00671,C0018,P0014,1,183.83,2025-03-10T04:00:00
T00672,C0000,P0026,2,58.95,2025-05-07T06:00:00
T00672,C0000,P0029,1,61.09,2025-05-07T06:00:00
T00673,C0029,P0009,1,69.94,2025-01-09T10:00:00
T00674,C0017,P0030,2,226.83,2025-04-11T02:00:00
T00674,C0017,P0026,1,58.95,2025-04-11T02:00:00
T00674,C0017,P0016,1,81.37,2025-04-11T02:00:00
T00675,C0049,P0015,1,54.28,2025-03-05T12:00:00
T00675,C0049,P0002,2,124.07,2025-03-05T12:00:00
T00676,C0047,P0030,2,226.83,2025-01-25T16:00:00
T00677,C0043,P0002,1,124.07,2025-03-21T10:00:00
T00678,C0016,P0012,1,56.89,2025-05-04T20:00:00
T00678,C0016,P0006,1,36.46,2025-05-04T20:00:00
T00679,C0007,P0020,1,131.81,2025-03-02T20:00:00
T00679,C0007,P0000,1,237.0,2025-03-02T20:00:00
T00680,C0037,P0000,1,237.0,2025-01-31T12:00:00
T00681,C0037,P0009,1,69.94,2025-05-02T22:00:00
T00681,C0037,P0023,1,87.83,2025-05-02T22:00:00
T00681,C0037,P0005,2,192.63,2025-05-02T22:00:00
T00682,C0005,P0003,1,21.96,2025-06-08T10:00:00
T00683,C0041,P0006,1,36.46,2025-02-09T22:00:00
T00683,C0041,P0027,2,22.39,2025-02-09T22:00:00
T00683,C0041,P0027,1,22.39,2025-02-09T22:00:00
T00684,C0001,P0016,1,81.37,2025-04-07T11:00:00
T00685,C0031,P0034,1,168.9,2025-04-23T17:00:00
T00685,C0031,P0031,1,215.61,2025-04-23T17:00:00
T00686,C0034,P0017,1,248.81,2025-03-31T10:00:00
T00686,C0034,P0038,1,144.91,2025-03-31T10:00:00
T00687,C0033,P0016,1,81.37,2025-02-09T14:00:00
T00687,C0033,P0034,2,168.9,2025-02-09T14:00:00
T00688,C0000,P0011,1,108.67,2025-06-13T16:00:00
T00688,C0000,P0001,1,25.99,2025-06-13T16:00:00
T00689,C0020,P0024,2,149.14,2025-01-17T21:00:00
T00689,C0020,P0012,1,56.89,2025-01-17T21:00:00
T00689,C0020,P0033,1,63.31,2025-01-17T21:00:00
T00690,C0020,P0007,1,121.44,2025-04-15T20:00:00
T00690,C0020,P0006,1,36.46,2025-04-15T20:00:00
T00691,C0053,P0012,1,56.89,2025-02-03T05:00:00
T00692,C0031,P0036,2,37.42,2025-02-19T03:00:00
T00693,C0042,P0037,1,234.2,2025-05-06T16:00:00
T00693,C0042,P0016,1,81.37,2025-05-06T16:00:00
T00693,C0042,P0003,1,21.96,2025-05-06T16:00:00
T00694,C0000,P0005,1,192.63,2025-02-23T20:00:00
T00694,C0000,P0029,1,61.09,2025-02-23T20:00:00
T00695,C0035,P0039,1,120.8,2025-04-17T11:00:00
T00696,C0033,P0019,1,112.33,2025-01-11T23:00:00
T00697,C0013,P0014,2,183.83,2025-05-13T03:00:00
T00698,C0012,P0036,1,37.42,2025-02-19T16:00:00
T00699,C0035,P0036,1,37.42,2025-05-23T13:00:00
T00700,C0043,P0006,1,36.46,2025-04-28T22:00:00
T00700,C0043,P0027,2,22.39,2025-04-28T22:00:00
T00701,C0032,P0034,2,168.9,2025-03-28T21:00:00
T00702,C0059,P0020,2,131.81,2025-04-01T10:00:00
T00702,C0059,P0023,1,87.83,2025-04-01T10:00:00
T00702,C0059,P0026,1,58.95,2025-04-01T10:00:00
T00703,C0036,P0035,1,57.49,2025-05-20T06:00:00
T00703,C0036,P0016,2,81.37,2025-05-20T06:00:00
T00704,C0028,P0018,1,164.22,2025-04-12T00:00:00
T00705,C0033,P0019,1,112.33,2025-02-04T09:00:00
T00706,C0013,P0035,1,57.49,2025-03-22T00:00:00
T00706,C0013,P0032,1,22.36,2025-03-22T00:00:00
T00707,C0002,P0008,1,139.7,2025-04-28T11:00:00
T00708,C0023,P0016,1,81.37,2025-05-30T07:00:00
T00709,C0005,P0013,2,137.13,2025-05-27T12:00:00
T00709,C0005,P0004,1,191.35,2025-05-27T12:00:00
T00709,C0005,P0020,2,131.81,2025-05-27T12:00:00
T00710,C0052,P0019,2,112.33,2025-05-28T03:00:00
T00710,C0052,P0002,1,124.07,2025-05-28T03:00:00
T00710,C0052,P0036,1,37.42,2025-05-28T03:00:00
T00711,C0058,P0026,1,58.95,2025-03-27T11:00:00
T00711,C0058,P0007,1,121.44,2025-03-27T11:00:00
T00712,C0040,P0019,1,112.33,2025-06-11T12:00:00
T00713,C0020,P0020,1,131.81,2025-05-19T18:00:00
T00714,C0009,P0028,1,159.62,2025-01-13T21:00:00
T00714,C0009,P0036,1,37.42,2025-01-13T21:00:00
T00715,C0027,P0008,1,139.7,2025-03-16T12:00:00
T00716,C0005,P0035,2,57.49,2025-05-02T18:00:00
T00717,C0016,P0027,1,22.39,2025-01-22T12:00:00
T00717,C0016,P0008,2,139.7,2025-01-22T12:00:00
T00717,C0016,P0030,2,226.83,2025-01-22T12:00:00
T00718,C0041,P0039,1,120.8,2025-05-27T06:00:00
T00718,C0041,P0033,1,63.31,2025-05-27T06:00:00
T00718,C0041,P0015,1,54.28,2025-05-27T06:00:00
T00719,C0049,P0005,2,192.63,2025-04-21T10:00:00
T00719,C0049,P0007,1,121.44,2025-04-21T10:00:00
T00719,C0049,P0026,1,58.95,2025-04-21T10:00:00
T00720,C0012,P0001,1,25.99,2025-03-24T11:00:00
T00720,C0012,P0019,2,112.33,2025-03-24T11:00:00
T00720,C0012,P0010,1,218.75,2025-03-24T11:00:00
T00721,C0028,P0023,1,87.83,2025-01-12T07:00:00
T00722,C0048,P0015,1,54.28,2025-01-22T03:00:00
T00723,C0055,P0007,2,121.44,2025-03-15T00:00:00
T00723,C0055,P0019,2,112.33,2025-03-15T00:00:00
T00724,C0001,P0013,1,137.13,2025-03-26T06:00:00
T00724,C0001,P0013,2,137.13,2025-03-26T06:00:00
T00724,C0001,P0034,1,168.9,2025-03-26T06:00:00
T00725,C0044,P0033,1,63.31,2025-01-05T12:00:00
T00725,C0044,P0002,1,124.07,2025-01-05T12:00:00
T00725,C0044,P0016,1,81.37,2025-01-05T12:00:00
T00726,C0012,P0029,1,61.09,2025-06-08T08:00:00
T00727,C0004,P0023,1,87.83,2025-04-10T21:00:00
T00727,C0004,P0006,1,36.46,2025-04-10T21:00:00
T00728,C0055,P0024,1,149.14,2025-06-16T12:00:00
T00729,C0057,P0034,1,168.9,2025-03-22T15:00:00
T00729,C0057,P0005,2,192.63,2025-03-22T15:00:00
T00729,C0057,P0011,1,108.67,2025-03-22T15:00:00
T00730,C0002,P0021,1,34.65,2025-03-05T16:00:00
T00730,C0002,P0006,1,36.46,2025-03-05T16:00:00
T00731,C0022,P0015,1,54.28,2025-04-01T11:00:00
T00731,C0022,P0032,1,22.36,2025-04-01T11:00:00
T00732,C0040,P0035,1,57.49,2025-03-07T12:00:00
T00733,C0014,P0008,2,139.7,2025-02-08T10:00:00
T00733,C0014,P0005,1,192.63,2025-02-08T10:00:00
T00734,C0026,P0027,1,22.39,2025-03-03T18:00:00
T00735,C0058,P0034,1,168.9,2025-06-04T10:00:00
T00735,C0058,P0008,1,139.7,2025-06-04T10:00:00
T00736,C0037,P0008,1,139.7,2025-05-19T21:00:00
T00737,C0044,P0009,1,69.94,2025-05-15T04:00:00
T00737,C0044,P0036,1,37.42,2025-05-15T04:00:00
T00738,C0004,P0011,1,108.67,2025-05-23T17:00:00
T00739,C0053,P0020,2,131.81,2025-02-07T23:00:00
T00740,C0026,P0009,1,69.94,2025-03-19T14:00:00
T00740,C0026,P0012,1,56.89,2025-03-19T14:00:00
T00741,C0011,P0017,1,248.81,2025-01-07T19:00:00
T00741,C0011,P0039,1,120.8,2025-01-07T19:00:00
T00741,C0011,P0029,1,61.09,2025-01-07T19:00:00
T00742,C0022,P0008,2,139.7,2025-01-21T22:00:00
T00742,C0022,P0032,1,22.36,2025-01-21T22:00:00
T00743,C0011,P0008,1,139.7,2025-04-10T15:00:00
T00743,C0011,P0010,1,218.75,2025-04-10T15:00:00
T00744,C0002,P0026,1,58.95,2025-04-15T00:00:00
T00744,C0002,P0029,1,61.09,2025-04-15T00:00:00
T00745,C0004,P0031,1,215.61,2025-02-15T14:00:00
T00745,C0004,P0020,2,131.81,2025-02-15T14:00:00
T00745,C0004,P0029,2,61.09,2025-02-15T14:00:00
T00746,C0049,P0020,1,131.81,2025-01-11T19:00:00
T00746,C0049,P0025,1,61.38,2025-01-11T19:00:00
T00747,C0028,P0033,2,63.31,2025-04-27T01:00:00
T00748,C0047,P0033,1,63.31,2025-01-11T17:00:00
T00748,C0047,P0003,1,21.96,2025-01-11T17:00:00
T00749,C0028,P0029,2,61.09,2025-04-12T09:00:00
T00749,C0028,P0010,1,218.75,2025-04-12T09:00:00
T00750,C0039,P0009,1,69.94,2025-01-14T22:00:00
T00750,C0039,P0029,1,61.09,2025-01-14T22:00:00
T00750,C0039,P0028,1,159.62,2025-01-14T22:00:00
T00751,C0049,P0008,1,139.7,2025-05-30T22:00:00
T00751,C0049,P0025,2,61.38,2025-05-30T22:00:00
T00751,C0049,P0026,1,58.95,2025-05-30T22:00:00
T00752,C0011,P0029,1,61.09,2025-04-27T18:00:00
T00753,C0016,P0007,1,121.44,2025-03-24T22:00:00
T00754,C0007,P0005,2,192.63,2025-04-26T20:00:00
T00754,C0007,P0033,1,63.31,2025-04-26T20:00:00
T00755,C0024,P0010,1,218.75,2025-05-21T12:00:00
T00756,C0036,P0009,1,69.94,2025-06-18T04:00:00
T00757,C0049,P0019,1,112.33,2025-01-14T13:00:00
T00757,C0049,P0028,1,159.62,2025-01-14T13:00:00
T00758,C0007,P0039,1,120.8,2025-02-03T06:00:00
T00759,C0000,P0034,2,168.9,2025-04-28T15:00:00
T00759,C0000,P0000,1,237.0,2025-04-28T15:00:00
T00760,C0013,P0029,2,61.09,2025-05-31T21:00:00
T00760,C0013,P0026,1,58.95,2025-05-31T21:00:00
T00761,C0038,P0035,1,57.49,2025-06-03T00:00:00
T00762,C0039,P0003,1,21.96,2025-06-10T17:00:00
T00763,C0009,P0002,1,124.07,2025-01-15T20:00:00
T00763,C0009,P0009,1,69.94,2025-01-15T20:00:00
T00764,C0021,P0026,1,58.95,2025-01-23T01:00:00
T00765,C0010,P0036,2,37.42,2025-03-14T19:00:00
T00765,C0010,P0035,1,57.49,2025-03-14T19:00:00
T00765,C0010,P0011,1,108.67,2025-03-14T19:00:00
T00766,C0005,P0024,2,149.14,2025-03-18T10:00:00
T00766,C0005,P0004,1,191.35,2025-03-18T10:00:00
T00767,C0018,P0017,1,248.81,2025-05-01T04:00:00
T00768,C0033,P0013,1,137.13,2025-04-16T16:00:00
T00769,C0006,P0005,1,192.63,2025-05-27T23:00:00
T00769,C0006,P0030,2,226.83,2025-05-27T23:00:00
T00769,C0006,P0038,1,144.91,2025-05-27T23:00:00
T00770,C0016,P0022,2,60.05,2025-05-15T18:00:00
T00770,C0016,P0039,2,120.8,2025-05-15T18:00:00
T00770,C0016,P0027,1,22.39,2025-05-15T18:00:00
T00771,C0056,P0012,1,56.89,2025-06-06T07:00:00
T00771,C0056,P0006,2,36.46,2025-06-06T07:00:00
T00772,C0040,P0039,2,120.8,2025-01-31T23:00:00
T00773,C0026,P0035,1,57.49,2025-01-12T10:00:00
T00773,C0026,P0013,1,137.13,2025-01-12T10:00:00
T00774,C0044,P0019,1,112.33,2025-03-14T08:00:00
T00775,C0032,P0007,1,121.44,2025-05-21T10:00:00
T00776,C0021,P0039,1,120.8,2025-04-12T23:00:00
T00776,C0021,P0001,1,25.99,2025-04-12T23:00:00
T00776,C0021,P0011,1,108.67,2025-04-12T23:00:00
T00777,C0059,P0008,2,139.7,2025-05-03T15:00:00
T00778,C0009,P0021,1,34.65,2025-06-10T14:00:00
T00778,C0009,P0006,1,36.46,2025-06-10T14:00:00
T00778,C0009,P0003,1,21.96,2025-06-10T14:00:00
T00779,C0013,P0022,1,60.05,2025-05-28T21:00:00
T00779,C0013,P0027,1,22.39,2025-05-28T21:00:00
T00780,C0053,P0034,2,168.9,2025-01-08T10:00:00
T00780,C0053,P0010,1,218.75,2025-01-08T10:00:00
T00781,C0038,P0002,2,124.07,2025-01-30T09:00:00
T00781,C0038,P0017,1,248.81,2025-01-30T09:00:00
T00782,C0031,P0019,1,112.33,2025-03-02T11:00:00
T00782,C0031,P0013,1,137.13,2025-03-02T11:00:00
T00783,C0007,P0005,2,192.63,2025-04-06T01:00:00
T00784,C0032,P0009,2,69.94,2025-01-07T15:00:00
T00784,C0032,P0012,1,56.89,2025-01-07T15:00:00
T00784,C0032,P0021,1,34.65,2025-01-07T15:00:00
T00785,C0009,P0013,1,137.13,2025-01-26T16:00:00
T00786,C0029,P0007,1,121.44,2025-04-10T22:00:00
T00786,C0029,P0000,1,237.0,2025-04-10T22:00:00
T00786,C0029,P0019,1,112.33,2025-04-10T22:00:00
T00787,C0029,P0019,1,112.33,2025-01-12T03:00:00
T00787,C0029,P0001,1,25.99,2025-01-12T03:00:00
T00787,C0029,P0036,1,37.42,2025-01-12T03:00:00
T00788,C0012,P0034,2,168.9,2025-02-19T09:00:00
T00788,C0012,P0020,1,131.81,2025-02-19T09:00:00
T00789,C0017,P0007,1,121.44,2025-02-08T05:00:00
T00789,C0017,P0000,1,237.0,2025-02-08T05:00:00
T00790,C0034,P0017,1,248.81,2025-03-31T17:00:00
T00790,C0034,P0029,1,61.09,2025-03-31T17:00:00
T00791,C0010,P0021,1,34.65,2025-01-19T09:00:00
T00791,C0010,P0006,2,36.46,2025-01-19T09:00:00
T00791,C0010,P0006,1,36.46,2025-01-19T09:00:00
T00792,C0006,P0027,2,22.39,2025-04-09T01:00:00
T00793,C0011,P0039,1,120.8,2025-06-02T18:00:00
T00793,C0011,P0022,1,60.05,2025-06-02T18:00:00
T00794,C0052,P0005,1,192.63,2025-02-20T22:00:00
T00794,C0052,P0029,1,61.09,2025-02-20T22:00:00
T00794,C0052,P0036,2,37.42,2025-02-20T22:00:00
T00795,C0006,P0030,1,226.83,2025-04-27T09:00:00
T00795,C0006,P0026,1,58.95,2025-04-27T09:00:00
T00796,C0055,P0025,1,61.38,2025-06-07T08:00:00
T00796,C0055,P0011,1,108.67,2025-06-07T08:00:00
T00797,C0029,P0030,1,226.83,2025-05-05T00:00:00
T00798,C0022,P0018,1,164.22,2025-05-03T14:00:00
T00799,C0038,P0006,1,36.46,2025-05-28T04:00:00
T00799,C0038,P0027,1,22.39,2025-05-28T04:00:00
T00799,C0038,P0006,1,36.46,2025-05-28T04:00:00
